id,name_ko,bucket_id,bucket_ko,summary_ko,scene_ko,dialogue_1_ko,dialogue_2_ko,dialogue_3_ko,tags,tone,cash_delta,health_delta,mood_delta,fatigue_delta,image_needed
company_inbox_01,밤새 쌓인 요청 분류,inbox,메일/메신저 정리,밤사이 들어온 메일과 메신저가 한 화면을 채운다. 급한 요청과 기다려도 되는 일을 먼저 나눈다.,"출근 후 사무실 자리에서 밤새 쌓인 요청 분류 상황을 마주하고, 급한 요청과 기다려도 되는 일을 먼저 나눈다 장면.",일단 지금 보이는 것부터 정리하자. 밤사이 들어온 메일과 메신저가 한 화면을 채운다,밤새 쌓인 요청 분류 지금은 급한 요청과 기다려도 되는 일을 먼저 나눈다,분류가 끝나자 오전 업무의 순서가 보이기 시작한다,"[""work"", ""communication"", ""routine""]",ordinary,0,"[-3, -1]","[-5, 1]","[12, 22]",False
company_inbox_02,거래처 회신 초안,inbox,메일/메신저 정리,거래처가 어제 보낸 질문에 아직 답이 없다. 자료를 다시 확인하고 오해 없는 문장으로 회신을 쓴다.,"출근 후 사무실 자리에서 거래처 회신 초안 상황을 마주하고, 자료를 다시 확인하고 오해 없는 문장으로 회신을 쓴다 장면.",일단 지금 보이는 것부터 정리하자. 거래처가 어제 보낸 질문에 아직 답이 없다,거래처 회신 초안 지금은 자료를 다시 확인하고 오해 없는 문장으로 회신을 쓴다,보내기 전 마지막 문장을 조금 더 부드럽게 고친다,"[""work"", ""communication"", ""routine""]",ordinary,0,"[-3, -1]","[-5, 1]","[12, 22]",False
company_inbox_03,참조 메일 속 숨은 업무,inbox,메일/메신저 정리,참조로 들어온 긴 메일에서 내 이름이 조용히 언급되어 있다. 내가 맡아야 할 부분만 표시하고 담당 범위를 확인한다.,"출근 후 사무실 자리에서 참조 메일 속 숨은 업무 상황을 마주하고, 내가 맡아야 할 부분만 표시하고 담당 범위를 확인한다 장면.",일단 지금 보이는 것부터 정리하자. 참조로 들어온 긴 메일에서 내 이름이 조용히 언급되어 있다,참조 메일 속 숨은 업무 지금은 내가 맡아야 할 부분만 표시하고 담당 범위를 확인한다,애매했던 일이 작은 할 일 하나로 정리된다,"[""work"", ""communication"", ""routine""]",ordinary,0,"[-3, -1]","[-5, 1]","[12, 22]",False
company_inbox_04,알림 폭주 정리,inbox,메일/메신저 정리,팀 채널 알림이 연달아 떠서 집중이 흔들린다. 중요한 스레드만 남기고 나머지는 읽음 처리한다.,"출근 후 사무실 자리에서 알림 폭주 정리 상황을 마주하고, 중요한 스레드만 남기고 나머지는 읽음 처리한다 장면.",일단 지금 보이는 것부터 정리하자. 팀 채널 알림이 연달아 떠서 집중이 흔들린다,알림 폭주 정리 지금은 중요한 스레드만 남기고 나머지는 읽음 처리한다,창이 조용해지자 다시 손을 움직일 수 있다,"[""work"", ""communication"", ""routine""]",ordinary,0,"[-3, -1]","[-5, 1]","[12, 22]",False
company_inbox_05,결재 요청 확인,inbox,메일/메신저 정리,결재함에 올라온 요청이 오늘 안에 처리되어야 한다. 금액과 사유를 대조하고 빠진 첨부를 확인한다.,"출근 후 사무실 자리에서 결재 요청 확인 상황을 마주하고, 금액과 사유를 대조하고 빠진 첨부를 확인한다 장면.",일단 지금 보이는 것부터 정리하자. 결재함에 올라온 요청이 오늘 안에 처리되어야 한다,결재 요청 확인 지금은 금액과 사유를 대조하고 빠진 첨부를 확인한다,확인 도장을 찍기 전 한 번 더 조건을 훑는다,"[""work"", ""communication"", ""routine""]",ordinary,0,"[-3, -1]","[-5, 1]","[12, 22]",False
company_inbox_06,상사 메신저 응답,inbox,메일/메신저 정리,상사가 짧게 보낸 질문이 생각보다 까다롭다. 대답하기 전 관련 문서를 열어 근거를 찾는다.,"출근 후 사무실 자리에서 상사 메신저 응답 상황을 마주하고, 대답하기 전 관련 문서를 열어 근거를 찾는다 장면.",일단 지금 보이는 것부터 정리하자. 상사가 짧게 보낸 질문이 생각보다 까다롭다,상사 메신저 응답 지금은 대답하기 전 관련 문서를 열어 근거를 찾는다,짧지만 흔들리지 않는 답장을 보낸다,"[""work"", ""communication"", ""routine""]",ordinary,0,"[-3, -1]","[-5, 1]","[12, 22]",False
company_inbox_07,오래된 미답장 수습,inbox,메일/메신저 정리,며칠 묵은 메일 하나가 다시 위로 올라왔다. 늦어진 이유를 숨기지 않고 현재 상황을 정리한다.,"출근 후 사무실 자리에서 오래된 미답장 수습 상황을 마주하고, 늦어진 이유를 숨기지 않고 현재 상황을 정리한다 장면.",일단 지금 보이는 것부터 정리하자. 며칠 묵은 메일 하나가 다시 위로 올라왔다,오래된 미답장 수습 지금은 늦어진 이유를 숨기지 않고 현재 상황을 정리한다,밀린 답장을 보내고 마음 한구석이 조금 가벼워진다,"[""work"", ""communication"", ""routine""]",ordinary,0,"[-3, -1]","[-5, 1]","[12, 22]",False
company_inbox_08,첨부 누락 재발송,inbox,메일/메신저 정리,중요한 메일에 첨부파일이 빠졌다는 답장이 왔다. 파일명을 다시 확인하고 재발송 문구를 짧게 붙인다.,"출근 후 사무실 자리에서 첨부 누락 재발송 상황을 마주하고, 파일명을 다시 확인하고 재발송 문구를 짧게 붙인다 장면.",일단 지금 보이는 것부터 정리하자. 중요한 메일에 첨부파일이 빠졌다는 답장이 왔다,첨부 누락 재발송 지금은 파일명을 다시 확인하고 재발송 문구를 짧게 붙인다,작은 실수지만 오늘의 경고등으로 남겨둔다,"[""work"", ""communication"", ""routine""]",ordinary,0,"[-3, -1]","[-5, 1]","[12, 22]",False
company_inbox_09,공유 요청 우선순위,inbox,메일/메신저 정리,서로 다른 팀에서 동시에 자료 공유를 요청한다. 마감이 빠른 순서와 영향 범위를 기준으로 순서를 정한다.,"출근 후 사무실 자리에서 공유 요청 우선순위 상황을 마주하고, 마감이 빠른 순서와 영향 범위를 기준으로 순서를 정한다 장면.",일단 지금 보이는 것부터 정리하자. 서로 다른 팀에서 동시에 자료 공유를 요청한다,공유 요청 우선순위 지금은 마감이 빠른 순서와 영향 범위를 기준으로 순서를 정한다,모두에게 현재 처리 순서를 짧게 알린다,"[""work"", ""communication"", ""routine""]",ordinary,0,"[-3, -1]","[-5, 1]","[12, 22]",False
company_inbox_10,읽지 않은 공지 확인,inbox,메일/메신저 정리,필수 공지가 알림 더미 아래 묻혀 있었다. 변경된 규칙과 적용 날짜를 따로 적어둔다.,"출근 후 사무실 자리에서 읽지 않은 공지 확인 상황을 마주하고, 변경된 규칙과 적용 날짜를 따로 적어둔다 장면.",일단 지금 보이는 것부터 정리하자. 필수 공지가 알림 더미 아래 묻혀 있었다,읽지 않은 공지 확인 지금은 변경된 규칙과 적용 날짜를 따로 적어둔다,나중에 헷갈리지 않게 업무 노트에 붙여둔다,"[""work"", ""communication"", ""routine""]",ordinary,0,"[-3, -1]","[-5, 1]","[12, 22]",False
company_documents_01,주간 보고서 재정리,documents,문서/보고서 작업,주간 보고서의 흐름이 산만해서 핵심이 잘 보이지 않는다. 성과와 이슈를 분리하고 문단 순서를 다시 잡는다.,"출근 후 사무실 자리에서 주간 보고서 재정리 상황을 마주하고, 성과와 이슈를 분리하고 문단 순서를 다시 잡는다 장면.",집중해서 한 번에 흐름을 잡자. 주간 보고서의 흐름이 산만해서 핵심이 잘 보이지 않는다,주간 보고서 재정리 지금은 성과와 이슈를 분리하고 문단 순서를 다시 잡는다,보고서가 조금 짧아졌지만 읽기는 훨씬 쉬워진다,"[""work"", ""document"", ""focus""]",focused,0,"[-3, -1]","[-5, 1]","[14, 24]",False
company_documents_02,회의 자료 구조 수정,documents,문서/보고서 작업,회의 자료가 슬라이드마다 다른 말을 하고 있다. 결정이 필요한 페이지를 앞으로 빼고 배경 설명을 뒤로 보낸다.,"출근 후 사무실 자리에서 회의 자료 구조 수정 상황을 마주하고, 결정이 필요한 페이지를 앞으로 빼고 배경 설명을 뒤로 보낸다 장면.",집중해서 한 번에 흐름을 잡자. 회의 자료가 슬라이드마다 다른 말을 하고 있다,회의 자료 구조 수정 지금은 결정이 필요한 페이지를 앞으로 빼고 배경 설명을 뒤로 보낸다,회의에서 물어볼 지점이 선명해진다,"[""work"", ""document"", ""focus""]",focused,0,"[-3, -1]","[-5, 1]","[14, 24]",False
company_documents_03,요약 문장 압축,documents,문서/보고서 작업,긴 설명을 그대로 두면 아무도 끝까지 읽지 않을 것 같다. 한 문장에 하나의 판단만 남기며 요약을 줄인다.,"출근 후 사무실 자리에서 요약 문장 압축 상황을 마주하고, 한 문장에 하나의 판단만 남기며 요약을 줄인다 장면.",집중해서 한 번에 흐름을 잡자. 긴 설명을 그대로 두면 아무도 끝까지 읽지 않을 것 같다,요약 문장 압축 지금은 한 문장에 하나의 판단만 남기며 요약을 줄인다,문서 첫머리가 드디어 숨을 쉰다,"[""work"", ""document"", ""focus""]",focused,0,"[-3, -1]","[-5, 1]","[14, 24]",False
company_documents_04,근거 자료 보강,documents,문서/보고서 작업,보고서 결론은 맞지만 근거가 빈약해 보인다. 숫자와 출처를 찾아 결론 아래에 붙인다.,"출근 후 사무실 자리에서 근거 자료 보강 상황을 마주하고, 숫자와 출처를 찾아 결론 아래에 붙인다 장면.",집중해서 한 번에 흐름을 잡자. 보고서 결론은 맞지만 근거가 빈약해 보인다,근거 자료 보강 지금은 숫자와 출처를 찾아 결론 아래에 붙인다,방어할 수 있는 문장이 하나 늘어난다,"[""work"", ""document"", ""focus""]",focused,0,"[-3, -1]","[-5, 1]","[14, 24]",False
company_documents_05,버전 충돌 수습,documents,문서/보고서 작업,공유 문서에 서로 다른 수정본이 섞였다. 누가 고친 부분인지 확인하고 최신 내용을 한 파일로 합친다.,"출근 후 사무실 자리에서 버전 충돌 수습 상황을 마주하고, 누가 고친 부분인지 확인하고 최신 내용을 한 파일로 합친다 장면.",집중해서 한 번에 흐름을 잡자. 공유 문서에 서로 다른 수정본이 섞였다,버전 충돌 수습 지금은 누가 고친 부분인지 확인하고 최신 내용을 한 파일로 합친다,파일명에 날짜를 붙여 같은 혼선을 막아둔다,"[""work"", ""document"", ""focus""]",focused,0,"[-3, -1]","[-5, 1]","[14, 24]",False
company_documents_06,문서 톤 맞추기,documents,문서/보고서 작업,여러 사람이 쓴 문장이 한 문서 안에서 따로 논다. 표현 수위를 맞추고 중복 설명을 덜어낸다.,"출근 후 사무실 자리에서 문서 톤 맞추기 상황을 마주하고, 표현 수위를 맞추고 중복 설명을 덜어낸다 장면.",집중해서 한 번에 흐름을 잡자. 여러 사람이 쓴 문장이 한 문서 안에서 따로 논다,문서 톤 맞추기 지금은 표현 수위를 맞추고 중복 설명을 덜어낸다,문서가 한 사람이 쓴 것처럼 정돈된다,"[""work"", ""document"", ""focus""]",focused,0,"[-3, -1]","[-5, 1]","[14, 24]",False
company_documents_07,최종본 제출 준비,documents,문서/보고서 작업,"제출 직전 문서에 작은 빈칸들이 눈에 들어온다. 표지와 첨부, 파일명을 차례대로 확인한다.","출근 후 사무실 자리에서 최종본 제출 준비 상황을 마주하고, 표지와 첨부, 파일명을 차례대로 확인한다 장면.",집중해서 한 번에 흐름을 잡자. 제출 직전 문서에 작은 빈칸들이 눈에 들어온다,"최종본 제출 준비 지금은 표지와 첨부, 파일명을 차례대로 확인한다",제출 버튼 앞에서 숨을 한 번 고른다,"[""work"", ""document"", ""focus""]",focused,0,"[-3, -1]","[-5, 1]","[14, 24]",False
company_documents_08,공유 문서 권한 점검,documents,문서/보고서 작업,완성된 문서를 보냈는데 상대가 열 수 없을지도 모른다. 보기 권한과 편집 권한을 나눠 다시 설정한다.,"출근 후 사무실 자리에서 공유 문서 권한 점검 상황을 마주하고, 보기 권한과 편집 권한을 나눠 다시 설정한다 장면.",집중해서 한 번에 흐름을 잡자. 완성된 문서를 보냈는데 상대가 열 수 없을지도 모른다,공유 문서 권한 점검 지금은 보기 권한과 편집 권한을 나눠 다시 설정한다,링크를 보내기 전에 테스트 계정으로 한 번 열어본다,"[""work"", ""document"", ""focus""]",focused,0,"[-3, -1]","[-5, 1]","[14, 24]",False
company_documents_09,수정 의견 반영,documents,문서/보고서 작업,문서 곳곳에 남은 댓글이 작은 숙제처럼 붙어 있다. 수용할 의견과 답변이 필요한 의견을 나눠 처리한다.,"출근 후 사무실 자리에서 수정 의견 반영 상황을 마주하고, 수용할 의견과 답변이 필요한 의견을 나눠 처리한다 장면.",집중해서 한 번에 흐름을 잡자. 문서 곳곳에 남은 댓글이 작은 숙제처럼 붙어 있다,수정 의견 반영 지금은 수용할 의견과 답변이 필요한 의견을 나눠 처리한다,댓글이 줄어들수록 최종본에 가까워진다,"[""work"", ""document"", ""focus""]",focused,0,"[-3, -1]","[-5, 1]","[14, 24]",False
company_documents_10,마감 전 문서 동결,documents,문서/보고서 작업,계속 고치다가는 마감 시간을 넘길 것 같다. 필수 수정만 남기고 추가 아이디어는 다음 버전으로 넘긴다.,"출근 후 사무실 자리에서 마감 전 문서 동결 상황을 마주하고, 필수 수정만 남기고 추가 아이디어는 다음 버전으로 넘긴다 장면.",집중해서 한 번에 흐름을 잡자. 계속 고치다가는 마감 시간을 넘길 것 같다,마감 전 문서 동결 지금은 필수 수정만 남기고 추가 아이디어는 다음 버전으로 넘긴다,완벽하진 않아도 제출 가능한 상태를 만든다,"[""work"", ""document"", ""focus""]",focused,0,"[-3, -1]","[-5, 1]","[14, 24]",False
company_spreadsheet_01,매출 합계 대조,spreadsheet,표/데이터 정리,보고서의 매출 합계와 원본 표의 숫자가 다르다. 필터와 제외 조건을 하나씩 풀어 차이를 찾는다.,"출근 후 사무실 자리에서 매출 합계 대조 상황을 마주하고, 필터와 제외 조건을 하나씩 풀어 차이를 찾는다 장면.",집중해서 한 번에 흐름을 잡자. 보고서의 매출 합계와 원본 표의 숫자가 다르다,매출 합계 대조 지금은 필터와 제외 조건을 하나씩 풀어 차이를 찾는다,어긋난 숫자의 원인이 숨은 필터였음을 확인한다,"[""work"", ""data"", ""spreadsheet""]",focused,0,"[-3, -1]","[-5, 1]","[14, 24]",False
company_spreadsheet_02,비용 이상값 확인,spreadsheet,표/데이터 정리,비용 표에서 유난히 큰 금액 하나가 튀어나온다. 증빙과 입력 날짜를 대조해 실제 지출인지 확인한다.,"출근 후 사무실 자리에서 비용 이상값 확인 상황을 마주하고, 증빙과 입력 날짜를 대조해 실제 지출인지 확인한다 장면.",집중해서 한 번에 흐름을 잡자. 비용 표에서 유난히 큰 금액 하나가 튀어나온다,비용 이상값 확인 지금은 증빙과 입력 날짜를 대조해 실제 지출인지 확인한다,이상값을 표시해 검토자에게 넘긴다,"[""work"", ""data"", ""spreadsheet""]",focused,0,"[-3, -1]","[-5, 1]","[14, 24]",False
company_spreadsheet_03,피벗 기준 재설정,spreadsheet,표/데이터 정리,피벗 테이블이 원하는 기준으로 묶이지 않는다. 분류 열을 정리하고 빈 값을 별도 항목으로 빼낸다.,"출근 후 사무실 자리에서 피벗 기준 재설정 상황을 마주하고, 분류 열을 정리하고 빈 값을 별도 항목으로 빼낸다 장면.",집중해서 한 번에 흐름을 잡자. 피벗 테이블이 원하는 기준으로 묶이지 않는다,피벗 기준 재설정 지금은 분류 열을 정리하고 빈 값을 별도 항목으로 빼낸다,표가 말하려던 패턴이 조금씩 드러난다,"[""work"", ""data"", ""spreadsheet""]",focused,0,"[-3, -1]","[-5, 1]","[14, 24]",False
company_spreadsheet_04,중복 행 제거,spreadsheet,표/데이터 정리,같은 요청이 두 번 들어간 행들이 결과를 부풀리고 있다. 고유 번호를 기준으로 중복을 찾아 표시한다.,"출근 후 사무실 자리에서 중복 행 제거 상황을 마주하고, 고유 번호를 기준으로 중복을 찾아 표시한다 장면.",집중해서 한 번에 흐름을 잡자. 같은 요청이 두 번 들어간 행들이 결과를 부풀리고 있다,중복 행 제거 지금은 고유 번호를 기준으로 중복을 찾아 표시한다,삭제 전 백업을 남기고 숫자를 다시 계산한다,"[""work"", ""data"", ""spreadsheet""]",focused,0,"[-3, -1]","[-5, 1]","[14, 24]",False
company_spreadsheet_05,예측치 업데이트,spreadsheet,표/데이터 정리,지난주 예측치가 새 실적을 반영하지 못하고 있다. 새 데이터를 넣고 변동 폭이 큰 구간을 따로 본다.,"출근 후 사무실 자리에서 예측치 업데이트 상황을 마주하고, 새 데이터를 넣고 변동 폭이 큰 구간을 따로 본다 장면.",집중해서 한 번에 흐름을 잡자. 지난주 예측치가 새 실적을 반영하지 못하고 있다,예측치 업데이트 지금은 새 데이터를 넣고 변동 폭이 큰 구간을 따로 본다,예측선이 현실 쪽으로 조금 내려앉는다,"[""work"", ""data"", ""spreadsheet""]",focused,0,"[-3, -1]","[-5, 1]","[14, 24]",False
company_spreadsheet_06,대시보드 수치 점검,spreadsheet,표/데이터 정리,대시보드의 지표가 어제와 다르게 튀었다. 집계 시간과 데이터 원천을 확인하며 원인을 좁힌다.,"출근 후 사무실 자리에서 대시보드 수치 점검 상황을 마주하고, 집계 시간과 데이터 원천을 확인하며 원인을 좁힌다 장면.",집중해서 한 번에 흐름을 잡자. 대시보드의 지표가 어제와 다르게 튀었다,대시보드 수치 점검 지금은 집계 시간과 데이터 원천을 확인하며 원인을 좁힌다,오류인지 실제 변화인지 구분할 단서가 생긴다,"[""work"", ""data"", ""spreadsheet""]",focused,0,"[-3, -1]","[-5, 1]","[14, 24]",False
company_spreadsheet_07,월마감 숫자 잠금,spreadsheet,표/데이터 정리,마감용 표는 이제 더 이상 흔들리면 안 된다. 확정된 행과 검토 중인 행을 색으로 분리한다.,"출근 후 사무실 자리에서 월마감 숫자 잠금 상황을 마주하고, 확정된 행과 검토 중인 행을 색으로 분리한다 장면.",집중해서 한 번에 흐름을 잡자. 마감용 표는 이제 더 이상 흔들리면 안 된다,월마감 숫자 잠금 지금은 확정된 행과 검토 중인 행을 색으로 분리한다,마감 숫자에 잠금 표시를 남긴다,"[""work"", ""data"", ""spreadsheet""]",focused,0,"[-3, -1]","[-5, 1]","[14, 24]",False
company_spreadsheet_08,내보내기 형식 정리,spreadsheet,표/데이터 정리,외부 제출용 파일이 시스템 형식과 맞지 않는다. 열 순서와 날짜 형식을 제출 양식에 맞춘다.,"출근 후 사무실 자리에서 내보내기 형식 정리 상황을 마주하고, 열 순서와 날짜 형식을 제출 양식에 맞춘다 장면.",집중해서 한 번에 흐름을 잡자. 외부 제출용 파일이 시스템 형식과 맞지 않는다,내보내기 형식 정리 지금은 열 순서와 날짜 형식을 제출 양식에 맞춘다,업로드 테스트가 통과하자 어깨가 조금 내려간다,"[""work"", ""data"", ""spreadsheet""]",focused,0,"[-3, -1]","[-5, 1]","[14, 24]",False
company_spreadsheet_09,담당자 매핑 수정,spreadsheet,표/데이터 정리,업무 표의 담당자가 예전 조직도 기준으로 남아 있다. 현재 담당자 목록과 대조해 소유자를 다시 연결한다.,"출근 후 사무실 자리에서 담당자 매핑 수정 상황을 마주하고, 현재 담당자 목록과 대조해 소유자를 다시 연결한다 장면.",집중해서 한 번에 흐름을 잡자. 업무 표의 담당자가 예전 조직도 기준으로 남아 있다,담당자 매핑 수정 지금은 현재 담당자 목록과 대조해 소유자를 다시 연결한다,누가 답해야 하는지 표에서 바로 보인다,"[""work"", ""data"", ""spreadsheet""]",focused,0,"[-3, -1]","[-5, 1]","[14, 24]",False
company_spreadsheet_10,원본 데이터 변경 확인,spreadsheet,표/데이터 정리,원본 파일이 바뀌었다는 알림이 뒤늦게 도착했다. 바뀐 열과 삭제된 항목을 비교해 영향 범위를 적는다.,"출근 후 사무실 자리에서 원본 데이터 변경 확인 상황을 마주하고, 바뀐 열과 삭제된 항목을 비교해 영향 범위를 적는다 장면.",집중해서 한 번에 흐름을 잡자. 원본 파일이 바뀌었다는 알림이 뒤늦게 도착했다,원본 데이터 변경 확인 지금은 바뀐 열과 삭제된 항목을 비교해 영향 범위를 적는다,분석 결과를 고치기 전에 변경점을 먼저 공유한다,"[""work"", ""data"", ""spreadsheet""]",focused,0,"[-3, -1]","[-5, 1]","[14, 24]",False
company_meetings_01,아침 스탠드업 준비,meetings,회의 준비/참석,곧 시작할 스탠드업에서 말할 내용이 아직 흩어져 있다. 어제 한 일과 오늘 막힌 일을 세 줄로 정리한다.,"출근 후 사무실 자리에서 아침 스탠드업 준비 상황을 마주하고, 어제 한 일과 오늘 막힌 일을 세 줄로 정리한다 장면.",일단 지금 보이는 것부터 정리하자. 곧 시작할 스탠드업에서 말할 내용이 아직 흩어져 있다,아침 스탠드업 준비 지금은 어제 한 일과 오늘 막힌 일을 세 줄로 정리한다,짧게 말할 준비가 되자 회의 부담이 줄어든다,"[""work"", ""meeting"", ""communication""]",ordinary,0,"[-3, -1]","[-5, 1]","[12, 22]",False
company_meetings_02,결정 회의 안건 정리,meetings,회의 준비/참석,회의가 길어질 조짐이 보이는데 결정할 것은 하나뿐이다. 배경 설명을 줄이고 선택지가 필요한 질문만 남긴다.,"출근 후 사무실 자리에서 결정 회의 안건 정리 상황을 마주하고, 배경 설명을 줄이고 선택지가 필요한 질문만 남긴다 장면.",일단 지금 보이는 것부터 정리하자. 회의가 길어질 조짐이 보이는데 결정할 것은 하나뿐이다,결정 회의 안건 정리 지금은 배경 설명을 줄이고 선택지가 필요한 질문만 남긴다,회의 목적이 화면 맨 위에 고정된다,"[""work"", ""meeting"", ""communication""]",ordinary,0,"[-3, -1]","[-5, 1]","[12, 22]",False
company_meetings_03,이슈 회의 자료 열기,meetings,회의 준비/참석,"급하게 잡힌 이슈 회의에 들어가야 한다. 발생 시점과 현재 영향, 임시 대응을 한 페이지에 모은다.","출근 후 사무실 자리에서 이슈 회의 자료 열기 상황을 마주하고, 발생 시점과 현재 영향, 임시 대응을 한 페이지에 모은다 장면.",일단 지금 보이는 것부터 정리하자. 급하게 잡힌 이슈 회의에 들어가야 한다,"이슈 회의 자료 열기 지금은 발생 시점과 현재 영향, 임시 대응을 한 페이지에 모은다",모르는 부분은 모른다고 표시해둔다,"[""work"", ""meeting"", ""communication""]",ordinary,0,"[-3, -1]","[-5, 1]","[12, 22]",False
company_meetings_04,회의록 실시간 기록,meetings,회의 준비/참석,"회의가 빠르게 흘러가며 결정 사항이 쌓인다. 결론과 담당자, 마감일만 놓치지 않게 적는다.","출근 후 사무실 자리에서 회의록 실시간 기록 상황을 마주하고, 결론과 담당자, 마감일만 놓치지 않게 적는다 장면.",일단 지금 보이는 것부터 정리하자. 회의가 빠르게 흘러가며 결정 사항이 쌓인다,"회의록 실시간 기록 지금은 결론과 담당자, 마감일만 놓치지 않게 적는다",회의가 끝나기 전에 액션 아이템을 다시 읽어준다,"[""work"", ""meeting"", ""communication""]",ordinary,0,"[-3, -1]","[-5, 1]","[12, 22]",False
company_meetings_05,산만한 회의 수습,meetings,회의 준비/참석,참석자들이 서로 다른 문제를 동시에 말하기 시작한다. 지금 결정할 주제와 나중에 볼 주제를 나눠 적는다.,"출근 후 사무실 자리에서 산만한 회의 수습 상황을 마주하고, 지금 결정할 주제와 나중에 볼 주제를 나눠 적는다 장면.",일단 지금 보이는 것부터 정리하자. 참석자들이 서로 다른 문제를 동시에 말하기 시작한다,산만한 회의 수습 지금은 지금 결정할 주제와 나중에 볼 주제를 나눠 적는다,회의가 간신히 다시 한 줄로 돌아온다,"[""work"", ""meeting"", ""communication""]",ordinary,0,"[-3, -1]","[-5, 1]","[12, 22]",False
company_meetings_06,침묵하는 회의실,meetings,회의 준비/참석,질문을 던졌지만 회의실이 잠깐 조용해진다. 선택지를 좁혀 다시 물으며 대답할 틈을 만든다.,"출근 후 사무실 자리에서 침묵하는 회의실 상황을 마주하고, 선택지를 좁혀 다시 물으며 대답할 틈을 만든다 장면.",일단 지금 보이는 것부터 정리하자. 질문을 던졌지만 회의실이 잠깐 조용해진다,침묵하는 회의실 지금은 선택지를 좁혀 다시 물으며 대답할 틈을 만든다,한 사람이 말을 꺼내자 논의가 천천히 열린다,"[""work"", ""meeting"", ""communication""]",ordinary,0,"[-3, -1]","[-5, 1]","[12, 22]",False
company_meetings_07,시간 초과 방지,meetings,회의 준비/참석,남은 시간이 적은데 안건은 아직 절반이다. 결정이 필요한 항목부터 앞으로 당긴다.,"출근 후 사무실 자리에서 시간 초과 방지 상황을 마주하고, 결정이 필요한 항목부터 앞으로 당긴다 장면.",일단 지금 보이는 것부터 정리하자. 남은 시간이 적은데 안건은 아직 절반이다,시간 초과 방지 지금은 결정이 필요한 항목부터 앞으로 당긴다,미뤄도 되는 논의는 후속 메모로 넘긴다,"[""work"", ""meeting"", ""communication""]",ordinary,0,"[-3, -1]","[-5, 1]","[12, 22]",False
company_meetings_08,이해관계자 업데이트,meetings,회의 준비/참석,"다른 팀에 진행 상황을 설명해야 한다. 완료된 일과 리스크, 도움 필요한 일을 나눠 말한다.","출근 후 사무실 자리에서 이해관계자 업데이트 상황을 마주하고, 완료된 일과 리스크, 도움 필요한 일을 나눠 말한다 장면.",일단 지금 보이는 것부터 정리하자. 다른 팀에 진행 상황을 설명해야 한다,"이해관계자 업데이트 지금은 완료된 일과 리스크, 도움 필요한 일을 나눠 말한다",상대가 원하는 깊이에 맞춰 설명을 줄인다,"[""work"", ""meeting"", ""communication""]",ordinary,0,"[-3, -1]","[-5, 1]","[12, 22]",False
company_meetings_09,회의 후속 메일,meetings,회의 준비/참석,회의가 끝났지만 결정 사항이 흩어지기 전에 정리해야 한다. 담당자별 할 일을 짧은 메일로 묶는다.,"출근 후 사무실 자리에서 회의 후속 메일 상황을 마주하고, 담당자별 할 일을 짧은 메일로 묶는다 장면.",일단 지금 보이는 것부터 정리하자. 회의가 끝났지만 결정 사항이 흩어지기 전에 정리해야 한다,회의 후속 메일 지금은 담당자별 할 일을 짧은 메일로 묶는다,보내고 나니 회의가 실제 업무로 이어진다,"[""work"", ""meeting"", ""communication""]",ordinary,0,"[-3, -1]","[-5, 1]","[12, 22]",False
company_meetings_10,겹친 회의 조정,meetings,회의 준비/참석,같은 시간에 중요한 회의 두 개가 잡혀 있다. 참석 필요도와 대체 가능성을 비교해 조정안을 보낸다.,"출근 후 사무실 자리에서 겹친 회의 조정 상황을 마주하고, 참석 필요도와 대체 가능성을 비교해 조정안을 보낸다 장면.",일단 지금 보이는 것부터 정리하자. 같은 시간에 중요한 회의 두 개가 잡혀 있다,겹친 회의 조정 지금은 참석 필요도와 대체 가능성을 비교해 조정안을 보낸다,빈틈이 생기자 하루 일정이 덜 꼬인다,"[""work"", ""meeting"", ""communication""]",ordinary,0,"[-3, -1]","[-5, 1]","[12, 22]",False
company_planning_01,오늘 우선순위 재배치,planning,일정/업무 계획,출근하자마자 어제 계획이 맞지 않다는 걸 깨닫는다. 급한 일과 중요한 일을 다시 나눠 순서를 고친다.,"출근 후 사무실 자리에서 오늘 우선순위 재배치 상황을 마주하고, 급한 일과 중요한 일을 다시 나눠 순서를 고친다 장면.",일단 지금 보이는 것부터 정리하자. 출근하자마자 어제 계획이 맞지 않다는 걸 깨닫는다,오늘 우선순위 재배치 지금은 급한 일과 중요한 일을 다시 나눠 순서를 고친다,오늘의 첫 번째 일이 분명해진다,"[""work"", ""planning"", ""routine""]",ordinary,0,"[-3, -1]","[-5, 1]","[12, 22]",False
company_planning_02,이번 주 업무량 점검,planning,일정/업무 계획,이번 주 일정표가 생각보다 빽빽하다. 마감과 회의를 펼쳐놓고 과부하 구간을 찾는다.,"출근 후 사무실 자리에서 이번 주 업무량 점검 상황을 마주하고, 마감과 회의를 펼쳐놓고 과부하 구간을 찾는다 장면.",일단 지금 보이는 것부터 정리하자. 이번 주 일정표가 생각보다 빽빽하다,이번 주 업무량 점검 지금은 마감과 회의를 펼쳐놓고 과부하 구간을 찾는다,미리 조정할 일을 표시해둔다,"[""work"", ""planning"", ""routine""]",ordinary,0,"[-3, -1]","[-5, 1]","[12, 22]",False
company_planning_03,긴급 요청 끼워넣기,planning,일정/업무 계획,새로 들어온 요청이 기존 계획을 밀어내려 한다. 영향 범위와 마감 시간을 따져 넣을 자리를 찾는다.,"출근 후 사무실 자리에서 긴급 요청 끼워넣기 상황을 마주하고, 영향 범위와 마감 시간을 따져 넣을 자리를 찾는다 장면.",일단 지금 보이는 것부터 정리하자. 새로 들어온 요청이 기존 계획을 밀어내려 한다,긴급 요청 끼워넣기 지금은 영향 범위와 마감 시간을 따져 넣을 자리를 찾는다,미룰 일 하나를 정하고 바로 공유한다,"[""work"", ""planning"", ""routine""]",ordinary,0,"[-3, -1]","[-5, 1]","[12, 22]",False
company_planning_04,마감 지연 신호,planning,일정/업무 계획,계획한 속도로는 마감에 닿기 어려워 보인다. 남은 일을 더 작은 단위로 쪼개 현실적인 일정을 다시 잡는다.,"출근 후 사무실 자리에서 마감 지연 신호 상황을 마주하고, 남은 일을 더 작은 단위로 쪼개 현실적인 일정을 다시 잡는다 장면.",일단 지금 보이는 것부터 정리하자. 계획한 속도로는 마감에 닿기 어려워 보인다,마감 지연 신호 지금은 남은 일을 더 작은 단위로 쪼개 현실적인 일정을 다시 잡는다,늦기 전에 위험 신호를 보낸다,"[""work"", ""planning"", ""routine""]",ordinary,0,"[-3, -1]","[-5, 1]","[12, 22]",False
company_planning_05,막힌 일 분리,planning,일정/업무 계획,하루 종일 붙잡아도 안 풀릴 일이 보인다. 내가 풀 일과 도움을 받아야 할 일을 나눈다.,"출근 후 사무실 자리에서 막힌 일 분리 상황을 마주하고, 내가 풀 일과 도움을 받아야 할 일을 나눈다 장면.",일단 지금 보이는 것부터 정리하자. 하루 종일 붙잡아도 안 풀릴 일이 보인다,막힌 일 분리 지금은 내가 풀 일과 도움을 받아야 할 일을 나눈다,질문 목록을 만들자 멈춘 시간이 움직인다,"[""work"", ""planning"", ""routine""]",ordinary,0,"[-3, -1]","[-5, 1]","[12, 22]",False
company_planning_06,작업 단위 쪼개기,planning,일정/업무 계획,큰 업무 제목 하나가 너무 무겁게 느껴진다. 첫 화면에서 할 수 있는 작은 행동까지 쪼갠다.,"출근 후 사무실 자리에서 작업 단위 쪼개기 상황을 마주하고, 첫 화면에서 할 수 있는 작은 행동까지 쪼갠다 장면.",일단 지금 보이는 것부터 정리하자. 큰 업무 제목 하나가 너무 무겁게 느껴진다,작업 단위 쪼개기 지금은 첫 화면에서 할 수 있는 작은 행동까지 쪼갠다,시작할 수 있는 크기로 업무가 내려온다,"[""work"", ""planning"", ""routine""]",ordinary,0,"[-3, -1]","[-5, 1]","[12, 22]",False
company_planning_07,팀 용량 확인,planning,일정/업무 계획,팀 전체가 이미 바쁜데 새 일이 들어왔다. 각자 들고 있는 마감과 병목을 확인한다.,"출근 후 사무실 자리에서 팀 용량 확인 상황을 마주하고, 각자 들고 있는 마감과 병목을 확인한다 장면.",일단 지금 보이는 것부터 정리하자. 팀 전체가 이미 바쁜데 새 일이 들어왔다,팀 용량 확인 지금은 각자 들고 있는 마감과 병목을 확인한다,무리한 약속을 피할 근거가 생긴다,"[""work"", ""planning"", ""routine""]",ordinary,0,"[-3, -1]","[-5, 1]","[12, 22]",False
company_planning_08,의존 업무 추적,planning,일정/업무 계획,내 일이 다른 팀 결과를 기다리고 있다. 필요한 산출물과 약속된 시간을 다시 확인한다.,"출근 후 사무실 자리에서 의존 업무 추적 상황을 마주하고, 필요한 산출물과 약속된 시간을 다시 확인한다 장면.",일단 지금 보이는 것부터 정리하자. 내 일이 다른 팀 결과를 기다리고 있다,의존 업무 추적 지금은 필요한 산출물과 약속된 시간을 다시 확인한다,기다리는 동안 할 수 있는 준비 작업을 잡는다,"[""work"", ""planning"", ""routine""]",ordinary,0,"[-3, -1]","[-5, 1]","[12, 22]",False
company_planning_09,캘린더 방어,planning,일정/업무 계획,회의가 빈 시간을 모두 잠식하려 한다. 집중 시간이 필요한 블록을 먼저 확보한다.,"출근 후 사무실 자리에서 캘린더 방어 상황을 마주하고, 집중 시간이 필요한 블록을 먼저 확보한다 장면.",일단 지금 보이는 것부터 정리하자. 회의가 빈 시간을 모두 잠식하려 한다,캘린더 방어 지금은 집중 시간이 필요한 블록을 먼저 확보한다,하루에 최소한의 숨 쉴 공간이 생긴다,"[""work"", ""planning"", ""routine""]",ordinary,0,"[-3, -1]","[-5, 1]","[12, 22]",False
company_planning_10,퇴근 전 재정렬,planning,일정/업무 계획,하루가 끝나가는데 처리 못 한 일이 남았다. 내일 바로 이어갈 수 있게 상태와 다음 행동을 적는다.,"출근 후 사무실 자리에서 퇴근 전 재정렬 상황을 마주하고, 내일 바로 이어갈 수 있게 상태와 다음 행동을 적는다 장면.",일단 지금 보이는 것부터 정리하자. 하루가 끝나가는데 처리 못 한 일이 남았다,퇴근 전 재정렬 지금은 내일 바로 이어갈 수 있게 상태와 다음 행동을 적는다,미완료가 불안 대신 목록으로 바뀐다,"[""work"", ""planning"", ""routine""]",ordinary,0,"[-3, -1]","[-5, 1]","[12, 22]",False
company_review_01,동료 초안 검토,review,검토/피드백,동료가 보낸 초안에 방향은 좋지만 빈틈이 보인다. 강점과 수정이 필요한 부분을 분리해서 댓글을 단다.,"출근 후 사무실 자리에서 동료 초안 검토 상황을 마주하고, 강점과 수정이 필요한 부분을 분리해서 댓글을 단다 장면.",집중해서 한 번에 흐름을 잡자. 동료가 보낸 초안에 방향은 좋지만 빈틈이 보인다,동료 초안 검토 지금은 강점과 수정이 필요한 부분을 분리해서 댓글을 단다,상대가 바로 고칠 수 있는 피드백으로 남긴다,"[""work"", ""review"", ""quality""]",focused,0,"[-3, -1]","[-6, -1]","[12, 22]",False
company_review_02,계약 문구 확인,review,검토/피드백,계약 문서의 작은 표현 하나가 나중에 문제가 될 수 있다. 애매한 문장을 표시하고 확인 질문을 붙인다.,"출근 후 사무실 자리에서 계약 문구 확인 상황을 마주하고, 애매한 문장을 표시하고 확인 질문을 붙인다 장면.",집중해서 한 번에 흐름을 잡자. 계약 문서의 작은 표현 하나가 나중에 문제가 될 수 있다,계약 문구 확인 지금은 애매한 문장을 표시하고 확인 질문을 붙인다,넘겨도 될 부분과 꼭 물어볼 부분이 갈린다,"[""work"", ""review"", ""quality""]",focused,0,"[-3, -1]","[-6, -1]","[12, 22]",False
company_review_03,예산 추정 검토,review,검토/피드백,예산 추정표가 너무 낙관적으로 보인다. 전제와 누락된 비용을 찾아 따로 표시한다.,"출근 후 사무실 자리에서 예산 추정 검토 상황을 마주하고, 전제와 누락된 비용을 찾아 따로 표시한다 장면.",집중해서 한 번에 흐름을 잡자. 예산 추정표가 너무 낙관적으로 보인다,예산 추정 검토 지금은 전제와 누락된 비용을 찾아 따로 표시한다,숫자가 조금 불편해졌지만 더 현실에 가까워진다,"[""work"", ""review"", ""quality""]",focused,0,"[-3, -1]","[-6, -1]","[12, 22]",False
company_review_04,디자인 제안 리뷰,review,검토/피드백,새 시안은 보기 좋지만 실제 사용 흐름이 걱정된다. 좋은 점을 먼저 적고 막힐 수 있는 지점을 짚는다.,"출근 후 사무실 자리에서 디자인 제안 리뷰 상황을 마주하고, 좋은 점을 먼저 적고 막힐 수 있는 지점을 짚는다 장면.",집중해서 한 번에 흐름을 잡자. 새 시안은 보기 좋지만 실제 사용 흐름이 걱정된다,디자인 제안 리뷰 지금은 좋은 점을 먼저 적고 막힐 수 있는 지점을 짚는다,감상이 아니라 판단 근거가 있는 리뷰가 된다,"[""work"", ""review"", ""quality""]",focused,0,"[-3, -1]","[-6, -1]","[12, 22]",False
company_review_05,배포 체크리스트 확인,review,검토/피드백,배포 전 체크리스트가 아직 모두 닫히지 않았다. 남은 항목의 위험도를 보고 우선순위를 정한다.,"출근 후 사무실 자리에서 배포 체크리스트 확인 상황을 마주하고, 남은 항목의 위험도를 보고 우선순위를 정한다 장면.",집중해서 한 번에 흐름을 잡자. 배포 전 체크리스트가 아직 모두 닫히지 않았다,배포 체크리스트 확인 지금은 남은 항목의 위험도를 보고 우선순위를 정한다,오늘 넘겨도 되는 것과 안 되는 것이 분명해진다,"[""work"", ""review"", ""quality""]",focused,0,"[-3, -1]","[-6, -1]","[12, 22]",False
company_review_06,리스크 메모 보강,review,검토/피드백,상황 보고서에 위험 요소가 너무 작게 적혀 있다. 발생 가능성과 영향도를 나눠 다시 적는다.,"출근 후 사무실 자리에서 리스크 메모 보강 상황을 마주하고, 발생 가능성과 영향도를 나눠 다시 적는다 장면.",집중해서 한 번에 흐름을 잡자. 상황 보고서에 위험 요소가 너무 작게 적혀 있다,리스크 메모 보강 지금은 발생 가능성과 영향도를 나눠 다시 적는다,읽는 사람이 바로 판단할 수 있는 문장이 된다,"[""work"", ""review"", ""quality""]",focused,0,"[-3, -1]","[-6, -1]","[12, 22]",False
company_review_07,고객 답변 검수,review,검토/피드백,고객에게 나갈 답변이라 표현 하나도 조심스럽다. 사실 관계와 약속 문구를 따로 확인한다.,"출근 후 사무실 자리에서 고객 답변 검수 상황을 마주하고, 사실 관계와 약속 문구를 따로 확인한다 장면.",집중해서 한 번에 흐름을 잡자. 고객에게 나갈 답변이라 표현 하나도 조심스럽다,고객 답변 검수 지금은 사실 관계와 약속 문구를 따로 확인한다,상대가 오해할 여지를 조금 덜어낸다,"[""work"", ""review"", ""quality""]",focused,0,"[-3, -1]","[-6, -1]","[12, 22]",False
company_review_08,프로세스 변경안 검토,review,검토/피드백,새 절차가 편해 보이지만 예외 상황이 빠져 있다. 반복될 실수와 책임 경계를 먼저 확인한다.,"출근 후 사무실 자리에서 프로세스 변경안 검토 상황을 마주하고, 반복될 실수와 책임 경계를 먼저 확인한다 장면.",집중해서 한 번에 흐름을 잡자. 새 절차가 편해 보이지만 예외 상황이 빠져 있다,프로세스 변경안 검토 지금은 반복될 실수와 책임 경계를 먼저 확인한다,변경안이 실제 현장에 조금 가까워진다,"[""work"", ""review"", ""quality""]",focused,0,"[-3, -1]","[-6, -1]","[12, 22]",False
company_review_09,최종 승인 전 확인,review,검토/피드백,승인 버튼이 보이지만 아직 찜찜한 부분이 있다. 필수 조건과 첨부를 마지막으로 대조한다.,"출근 후 사무실 자리에서 최종 승인 전 확인 상황을 마주하고, 필수 조건과 첨부를 마지막으로 대조한다 장면.",집중해서 한 번에 흐름을 잡자. 승인 버튼이 보이지만 아직 찜찜한 부분이 있다,최종 승인 전 확인 지금은 필수 조건과 첨부를 마지막으로 대조한다,확인한 근거를 남기고 승인한다,"[""work"", ""review"", ""quality""]",focused,0,"[-3, -1]","[-6, -1]","[12, 22]",False
company_review_10,동료 코드/작업 리뷰,review,검토/피드백,동료의 작업물이 거의 완성됐지만 작은 위험이 남았다. 재현 방법과 수정 제안을 함께 적는다.,"출근 후 사무실 자리에서 동료 코드/작업 리뷰 상황을 마주하고, 재현 방법과 수정 제안을 함께 적는다 장면.",집중해서 한 번에 흐름을 잡자. 동료의 작업물이 거의 완성됐지만 작은 위험이 남았다,동료 코드/작업 리뷰 지금은 재현 방법과 수정 제안을 함께 적는다,까다롭지만 도움이 되는 리뷰로 마무리한다,"[""work"", ""review"", ""quality""]",focused,0,"[-3, -1]","[-6, -1]","[12, 22]",False
company_customer_01,불만 문의 진정시키기,customer,고객/거래처 대응,고객 메시지에 불만이 선명하게 묻어 있다. 먼저 상황을 인정하고 확인 가능한 사실부터 정리한다.,"출근 후 사무실 자리에서 불만 문의 진정시키기 상황을 마주하고, 먼저 상황을 인정하고 확인 가능한 사실부터 정리한다 장면.",급해 보여도 순서부터 잡아야 해. 고객 메시지에 불만이 선명하게 묻어 있다,불만 문의 진정시키기 지금은 먼저 상황을 인정하고 확인 가능한 사실부터 정리한다,감정이 더 커지지 않게 답변 속도를 맞춘다,"[""work"", ""customer"", ""communication""]",tense,0,"[-5, -2]","[-9, -3]","[18, 28]",False
company_customer_02,납기 확인 답변,customer,고객/거래처 대응,거래처가 납기 가능 여부를 다시 묻는다. 현재 처리 단계와 지연 가능성을 내부에서 확인한다.,"출근 후 사무실 자리에서 납기 확인 답변 상황을 마주하고, 현재 처리 단계와 지연 가능성을 내부에서 확인한다 장면.",급해 보여도 순서부터 잡아야 해. 거래처가 납기 가능 여부를 다시 묻는다,납기 확인 답변 지금은 현재 처리 단계와 지연 가능성을 내부에서 확인한다,가능한 범위 안에서 확실한 답만 보낸다,"[""work"", ""customer"", ""communication""]",tense,0,"[-5, -2]","[-9, -3]","[18, 28]",False
company_customer_03,견적 조정 요청,customer,고객/거래처 대응,상대가 견적 조건을 조금 더 낮출 수 있는지 묻는다. 조정 가능한 항목과 건드리면 안 되는 기준을 나눈다.,"출근 후 사무실 자리에서 견적 조정 요청 상황을 마주하고, 조정 가능한 항목과 건드리면 안 되는 기준을 나눈다 장면.",급해 보여도 순서부터 잡아야 해. 상대가 견적 조건을 조금 더 낮출 수 있는지 묻는다,견적 조정 요청 지금은 조정 가능한 항목과 건드리면 안 되는 기준을 나눈다,애매한 할인 대신 선택지를 제안한다,"[""work"", ""customer"", ""communication""]",tense,0,"[-5, -2]","[-9, -3]","[18, 28]",False
company_customer_04,지원 요청 원인 파악,customer,고객/거래처 대응,문제 화면만 캡처되어 있고 원인이 보이지 않는다. 발생 시간과 사용 환경을 되물으며 단서를 모은다.,"출근 후 사무실 자리에서 지원 요청 원인 파악 상황을 마주하고, 발생 시간과 사용 환경을 되물으며 단서를 모은다 장면.",급해 보여도 순서부터 잡아야 해. 문제 화면만 캡처되어 있고 원인이 보이지 않는다,지원 요청 원인 파악 지금은 발생 시간과 사용 환경을 되물으며 단서를 모은다,추측 대신 확인할 수 있는 질문을 남긴다,"[""work"", ""customer"", ""communication""]",tense,0,"[-5, -2]","[-9, -3]","[18, 28]",False
company_customer_05,진행 상황 공유,customer,고객/거래처 대응,상대가 기다리는 일이 아직 끝나지 않았다. 완료된 단계와 남은 단계를 짧게 정리한다.,"출근 후 사무실 자리에서 진행 상황 공유 상황을 마주하고, 완료된 단계와 남은 단계를 짧게 정리한다 장면.",급해 보여도 순서부터 잡아야 해. 상대가 기다리는 일이 아직 끝나지 않았다,진행 상황 공유 지금은 완료된 단계와 남은 단계를 짧게 정리한다,기다림이 막연하지 않게 다음 시간을 알려준다,"[""work"", ""customer"", ""communication""]",tense,0,"[-5, -2]","[-9, -3]","[18, 28]",False
company_customer_06,반복 문의 답변 정리,customer,고객/거래처 대응,비슷한 질문이 여러 고객에게서 들어온다. 공통 답변을 만들고 예외 조건만 따로 둔다.,"출근 후 사무실 자리에서 반복 문의 답변 정리 상황을 마주하고, 공통 답변을 만들고 예외 조건만 따로 둔다 장면.",급해 보여도 순서부터 잡아야 해. 비슷한 질문이 여러 고객에게서 들어온다,반복 문의 답변 정리 지금은 공통 답변을 만들고 예외 조건만 따로 둔다,복붙이 아니라 일관된 안내문이 된다,"[""work"", ""customer"", ""communication""]",tense,0,"[-5, -2]","[-9, -3]","[18, 28]",False
company_customer_07,내부 확인 요청,customer,고객/거래처 대응,고객 질문에 혼자 답하기 어려운 부분이 있다. 담당 팀에 필요한 정보만 추려 확인을 요청한다.,"출근 후 사무실 자리에서 내부 확인 요청 상황을 마주하고, 담당 팀에 필요한 정보만 추려 확인을 요청한다 장면.",급해 보여도 순서부터 잡아야 해. 고객 질문에 혼자 답하기 어려운 부분이 있다,내부 확인 요청 지금은 담당 팀에 필요한 정보만 추려 확인을 요청한다,답변 지연을 줄이기 위해 질문을 좁힌다,"[""work"", ""customer"", ""communication""]",tense,0,"[-5, -2]","[-9, -3]","[18, 28]",False
company_customer_08,기대치 재설정,customer,고객/거래처 대응,상대가 가능한 범위보다 큰 결과를 기대하고 있다. 할 수 있는 것과 어려운 것을 분명하게 나눠 설명한다.,"출근 후 사무실 자리에서 기대치 재설정 상황을 마주하고, 할 수 있는 것과 어려운 것을 분명하게 나눠 설명한다 장면.",급해 보여도 순서부터 잡아야 해. 상대가 가능한 범위보다 큰 결과를 기대하고 있다,기대치 재설정 지금은 할 수 있는 것과 어려운 것을 분명하게 나눠 설명한다,거절처럼 들리지 않게 대안을 붙인다,"[""work"", ""customer"", ""communication""]",tense,0,"[-5, -2]","[-9, -3]","[18, 28]",False
company_customer_09,긴급 요청 처리,customer,고객/거래처 대응,긴급 표시가 붙은 요청이 업무 흐름을 끊고 들어온다. 정말 긴급한지 영향 범위부터 확인한다.,"출근 후 사무실 자리에서 긴급 요청 처리 상황을 마주하고, 정말 긴급한지 영향 범위부터 확인한다 장면.",급해 보여도 순서부터 잡아야 해. 긴급 표시가 붙은 요청이 업무 흐름을 끊고 들어온다,긴급 요청 처리 지금은 정말 긴급한지 영향 범위부터 확인한다,필요하면 기존 업무 순서를 바꾸고 기록을 남긴다,"[""work"", ""customer"", ""communication""]",tense,0,"[-5, -2]","[-9, -3]","[18, 28]",False
company_customer_10,감사 회신 마무리,customer,고객/거래처 대응,고객이 고맙다는 답장을 보내왔다. 짧게 감사 인사를 돌려주고 다음 절차를 안내한다.,"출근 후 사무실 자리에서 감사 회신 마무리 상황을 마주하고, 짧게 감사 인사를 돌려주고 다음 절차를 안내한다 장면.",급해 보여도 순서부터 잡아야 해. 고객이 고맙다는 답장을 보내왔다,감사 회신 마무리 지금은 짧게 감사 인사를 돌려주고 다음 절차를 안내한다,좋은 마무리가 다음 일의 출발점이 된다,"[""work"", ""customer"", ""communication""]",tense,0,"[-5, -2]","[-9, -3]","[18, 28]",False
company_handoff_01,휴가 전 인수인계,handoff,협업/인수인계,내가 자리를 비우는 동안 멈추면 안 되는 일이 있다. 현재 상태와 다음 판단 기준을 문서로 남긴다.,"출근 후 사무실 자리에서 휴가 전 인수인계 상황을 마주하고, 현재 상태와 다음 판단 기준을 문서로 남긴다 장면.",일단 지금 보이는 것부터 정리하자. 내가 자리를 비우는 동안 멈추면 안 되는 일이 있다,휴가 전 인수인계 지금은 현재 상태와 다음 판단 기준을 문서로 남긴다,대신 볼 사람이 덜 불안하도록 링크를 정리한다,"[""work"", ""collaboration"", ""routine""]",ordinary,0,"[-3, -1]","[-5, 1]","[12, 22]",False
company_handoff_02,공유 문서 기준 맞추기,handoff,협업/인수인계,팀원마다 다른 문서를 보고 있어 말이 엇갈린다. 공식 문서 하나를 정하고 오래된 링크를 닫는다.,"출근 후 사무실 자리에서 공유 문서 기준 맞추기 상황을 마주하고, 공식 문서 하나를 정하고 오래된 링크를 닫는다 장면.",일단 지금 보이는 것부터 정리하자. 팀원마다 다른 문서를 보고 있어 말이 엇갈린다,공유 문서 기준 맞추기 지금은 공식 문서 하나를 정하고 오래된 링크를 닫는다,같은 화면을 보게 되자 논의가 빨라진다,"[""work"", ""collaboration"", ""routine""]",ordinary,0,"[-3, -1]","[-5, 1]","[12, 22]",False
company_handoff_03,담당자 불명 업무 정리,handoff,협업/인수인계,작업 보드에 주인 없는 카드가 남아 있다. 업무 성격과 관련 팀을 보고 임시 담당자를 정한다.,"출근 후 사무실 자리에서 담당자 불명 업무 정리 상황을 마주하고, 업무 성격과 관련 팀을 보고 임시 담당자를 정한다 장면.",일단 지금 보이는 것부터 정리하자. 작업 보드에 주인 없는 카드가 남아 있다,담당자 불명 업무 정리 지금은 업무 성격과 관련 팀을 보고 임시 담당자를 정한다,공중에 뜬 일이 누군가의 목록으로 내려온다,"[""work"", ""collaboration"", ""routine""]",ordinary,0,"[-3, -1]","[-5, 1]","[12, 22]",False
company_handoff_04,타팀 의존사항 전달,handoff,협업/인수인계,우리 일이 다른 팀의 결과를 기다리고 있다. 필요한 산출물과 마감 이유를 짧게 설명한다.,"출근 후 사무실 자리에서 타팀 의존사항 전달 상황을 마주하고, 필요한 산출물과 마감 이유를 짧게 설명한다 장면.",일단 지금 보이는 것부터 정리하자. 우리 일이 다른 팀의 결과를 기다리고 있다,타팀 의존사항 전달 지금은 필요한 산출물과 마감 이유를 짧게 설명한다,부탁이 아니라 일정 관리로 전달한다,"[""work"", ""collaboration"", ""routine""]",ordinary,0,"[-3, -1]","[-5, 1]","[12, 22]",False
company_handoff_05,신입 동료 안내,handoff,협업/인수인계,새로 온 동료가 어디서부터 봐야 할지 몰라 한다. 자주 쓰는 문서와 주의할 업무 흐름을 묶어준다.,"출근 후 사무실 자리에서 신입 동료 안내 상황을 마주하고, 자주 쓰는 문서와 주의할 업무 흐름을 묶어준다 장면.",일단 지금 보이는 것부터 정리하자. 새로 온 동료가 어디서부터 봐야 할지 몰라 한다,신입 동료 안내 지금은 자주 쓰는 문서와 주의할 업무 흐름을 묶어준다,처음 보는 길에 표지판이 몇 개 생긴다,"[""work"", ""collaboration"", ""routine""]",ordinary,0,"[-3, -1]","[-5, 1]","[12, 22]",False
company_handoff_06,영업 요청 내부 연결,handoff,협업/인수인계,영업팀 요청이 기술 설명까지 필요해졌다. 고객 요구와 내부 확인 포인트를 분리해 전달한다.,"출근 후 사무실 자리에서 영업 요청 내부 연결 상황을 마주하고, 고객 요구와 내부 확인 포인트를 분리해 전달한다 장면.",일단 지금 보이는 것부터 정리하자. 영업팀 요청이 기술 설명까지 필요해졌다,영업 요청 내부 연결 지금은 고객 요구와 내부 확인 포인트를 분리해 전달한다,서로 다른 언어가 같은 업무로 번역된다,"[""work"", ""collaboration"", ""routine""]",ordinary,0,"[-3, -1]","[-5, 1]","[12, 22]",False
company_handoff_07,디자인-개발 동기화,handoff,협업/인수인계,디자인 변경이 개발 일정에 영향을 줄 수 있다. 바뀐 화면과 유지되는 조건을 함께 확인한다.,"출근 후 사무실 자리에서 디자인-개발 동기화 상황을 마주하고, 바뀐 화면과 유지되는 조건을 함께 확인한다 장면.",일단 지금 보이는 것부터 정리하자. 디자인 변경이 개발 일정에 영향을 줄 수 있다,디자인-개발 동기화 지금은 바뀐 화면과 유지되는 조건을 함께 확인한다,뒤늦은 충돌을 막기 위해 기준을 맞춘다,"[""work"", ""collaboration"", ""routine""]",ordinary,0,"[-3, -1]","[-5, 1]","[12, 22]",False
company_handoff_08,상태 보드 청소,handoff,협업/인수인계,완료된 카드와 멈춘 카드가 보드에 뒤섞여 있다. 끝난 일은 닫고 막힌 일에는 이유를 붙인다.,"출근 후 사무실 자리에서 상태 보드 청소 상황을 마주하고, 끝난 일은 닫고 막힌 일에는 이유를 붙인다 장면.",일단 지금 보이는 것부터 정리하자. 완료된 카드와 멈춘 카드가 보드에 뒤섞여 있다,상태 보드 청소 지금은 끝난 일은 닫고 막힌 일에는 이유를 붙인다,보드가 현재 상황을 다시 말하기 시작한다,"[""work"", ""collaboration"", ""routine""]",ordinary,0,"[-3, -1]","[-5, 1]","[12, 22]",False
company_handoff_09,보고 라인 정리,handoff,협업/인수인계,문제가 생겼을 때 누구에게 올려야 할지 애매하다. 판단 기준과 연락 순서를 간단히 정리한다.,"출근 후 사무실 자리에서 보고 라인 정리 상황을 마주하고, 판단 기준과 연락 순서를 간단히 정리한다 장면.",일단 지금 보이는 것부터 정리하자. 문제가 생겼을 때 누구에게 올려야 할지 애매하다,보고 라인 정리 지금은 판단 기준과 연락 순서를 간단히 정리한다,다음에는 덜 헤매도록 길을 만들어둔다,"[""work"", ""collaboration"", ""routine""]",ordinary,0,"[-3, -1]","[-5, 1]","[12, 22]",False
company_handoff_10,마무리 확인 메시지,handoff,협업/인수인계,공동 작업이 끝났지만 마지막 확인이 남아 있다. 누가 무엇을 끝냈는지 짧게 체크한다.,"출근 후 사무실 자리에서 마무리 확인 메시지 상황을 마주하고, 누가 무엇을 끝냈는지 짧게 체크한다 장면.",일단 지금 보이는 것부터 정리하자. 공동 작업이 끝났지만 마지막 확인이 남아 있다,마무리 확인 메시지 지금은 누가 무엇을 끝냈는지 짧게 체크한다,완료 메시지를 보내고 열린 고리를 닫는다,"[""work"", ""collaboration"", ""routine""]",ordinary,0,"[-3, -1]","[-5, 1]","[12, 22]",False
company_operations_01,일일 처리 큐 시작,operations,운영/반복 처리,업무 시스템에 오늘 처리할 건들이 줄지어 있다. 마감이 빠른 건과 단순 처리 건을 나눠 시작한다.,"출근 후 사무실 자리에서 일일 처리 큐 시작 상황을 마주하고, 마감이 빠른 건과 단순 처리 건을 나눠 시작한다 장면.",일단 지금 보이는 것부터 정리하자. 업무 시스템에 오늘 처리할 건들이 줄지어 있다,일일 처리 큐 시작 지금은 마감이 빠른 건과 단순 처리 건을 나눠 시작한다,첫 묶음을 넘기자 속도가 붙는다,"[""work"", ""operations"", ""routine""]",ordinary,0,"[-3, -1]","[-5, 1]","[12, 22]",False
company_operations_02,이상 케이스 분리,operations,운영/반복 처리,평소와 다른 조건의 요청들이 일반 큐에 섞여 있다. 자동 처리하면 위험한 건을 따로 빼낸다.,"출근 후 사무실 자리에서 이상 케이스 분리 상황을 마주하고, 자동 처리하면 위험한 건을 따로 빼낸다 장면.",일단 지금 보이는 것부터 정리하자. 평소와 다른 조건의 요청들이 일반 큐에 섞여 있다,이상 케이스 분리 지금은 자동 처리하면 위험한 건을 따로 빼낸다,예외를 분리하자 나머지는 빠르게 흘러간다,"[""work"", ""operations"", ""routine""]",ordinary,0,"[-3, -1]","[-5, 1]","[12, 22]",False
company_operations_03,상태값 일괄 변경,operations,운영/반복 처리,처리된 건들이 아직 이전 상태로 남아 있다. 변경 조건을 다시 확인하고 일괄 업데이트를 준비한다.,"출근 후 사무실 자리에서 상태값 일괄 변경 상황을 마주하고, 변경 조건을 다시 확인하고 일괄 업데이트를 준비한다 장면.",일단 지금 보이는 것부터 정리하자. 처리된 건들이 아직 이전 상태로 남아 있다,상태값 일괄 변경 지금은 변경 조건을 다시 확인하고 일괄 업데이트를 준비한다,한 번에 바꾸기 전 샘플 몇 개를 먼저 본다,"[""work"", ""operations"", ""routine""]",ordinary,0,"[-3, -1]","[-5, 1]","[12, 22]",False
company_operations_04,승인 대기 목록 정리,operations,운영/반복 처리,승인 대기 건이 오래 쌓여 병목이 생겼다. 담당자와 지연 일수를 기준으로 목록을 나눈다.,"출근 후 사무실 자리에서 승인 대기 목록 정리 상황을 마주하고, 담당자와 지연 일수를 기준으로 목록을 나눈다 장면.",일단 지금 보이는 것부터 정리하자. 승인 대기 건이 오래 쌓여 병목이 생겼다,승인 대기 목록 정리 지금은 담당자와 지연 일수를 기준으로 목록을 나눈다,오래 멈춘 건부터 확인 요청을 보낸다,"[""work"", ""operations"", ""routine""]",ordinary,0,"[-3, -1]","[-5, 1]","[12, 22]",False
company_operations_05,운영 현황 점검,operations,운영/반복 처리,오늘 운영 지표가 평소보다 느리게 움직인다. 처리량과 대기량을 비교해 막힌 구간을 찾는다.,"출근 후 사무실 자리에서 운영 현황 점검 상황을 마주하고, 처리량과 대기량을 비교해 막힌 구간을 찾는다 장면.",일단 지금 보이는 것부터 정리하자. 오늘 운영 지표가 평소보다 느리게 움직인다,운영 현황 점검 지금은 처리량과 대기량을 비교해 막힌 구간을 찾는다,문제가 생기기 전에 작은 경고를 남긴다,"[""work"", ""operations"", ""routine""]",ordinary,0,"[-3, -1]","[-5, 1]","[12, 22]",False
company_operations_06,반복 업무 자동화 메모,operations,운영/반복 처리,같은 클릭을 너무 많이 반복하고 있다. 자동화할 수 있는 조건과 예외를 따로 적는다.,"출근 후 사무실 자리에서 반복 업무 자동화 메모 상황을 마주하고, 자동화할 수 있는 조건과 예외를 따로 적는다 장면.",일단 지금 보이는 것부터 정리하자. 같은 클릭을 너무 많이 반복하고 있다,반복 업무 자동화 메모 지금은 자동화할 수 있는 조건과 예외를 따로 적는다,당장 만들진 못해도 다음 개선 거리가 생긴다,"[""work"", ""operations"", ""routine""]",ordinary,0,"[-3, -1]","[-5, 1]","[12, 22]",False
company_operations_07,SLA 임박 건 확인,operations,운영/반복 처리,처리 기한이 가까운 요청들이 눈에 들어온다. 남은 시간과 난이도를 기준으로 순서를 바꾼다.,"출근 후 사무실 자리에서 SLA 임박 건 확인 상황을 마주하고, 남은 시간과 난이도를 기준으로 순서를 바꾼다 장면.",일단 지금 보이는 것부터 정리하자. 처리 기한이 가까운 요청들이 눈에 들어온다,SLA 임박 건 확인 지금은 남은 시간과 난이도를 기준으로 순서를 바꾼다,늦기 전에 손댈 수 있는 건부터 처리한다,"[""work"", ""operations"", ""routine""]",ordinary,0,"[-3, -1]","[-5, 1]","[12, 22]",False
company_operations_08,운영 로그 기록,operations,운영/반복 처리,처리 결과를 남기지 않으면 나중에 다시 물어볼 것 같다. 무엇을 왜 바꿨는지 짧게 로그에 적는다.,"출근 후 사무실 자리에서 운영 로그 기록 상황을 마주하고, 무엇을 왜 바꿨는지 짧게 로그에 적는다 장면.",일단 지금 보이는 것부터 정리하자. 처리 결과를 남기지 않으면 나중에 다시 물어볼 것 같다,운영 로그 기록 지금은 무엇을 왜 바꿨는지 짧게 로그에 적는다,나중의 나를 위해 작은 단서를 심어둔다,"[""work"", ""operations"", ""routine""]",ordinary,0,"[-3, -1]","[-5, 1]","[12, 22]",False
company_operations_09,대기열 병목 해소,operations,운영/반복 처리,한 단계에서 요청들이 계속 멈춰 있다. 담당자와 필요한 정보를 확인해 병목 원인을 좁힌다.,"출근 후 사무실 자리에서 대기열 병목 해소 상황을 마주하고, 담당자와 필요한 정보를 확인해 병목 원인을 좁힌다 장면.",일단 지금 보이는 것부터 정리하자. 한 단계에서 요청들이 계속 멈춰 있다,대기열 병목 해소 지금은 담당자와 필요한 정보를 확인해 병목 원인을 좁힌다,멈춘 줄이 조금씩 앞으로 움직인다,"[""work"", ""operations"", ""routine""]",ordinary,0,"[-3, -1]","[-5, 1]","[12, 22]",False
company_operations_10,마감 전 잔여 건 처리,operations,운영/반복 처리,퇴근 전까지 남은 운영 건을 비워야 한다. 위험한 건은 넘기고 확실한 건부터 마무리한다.,"출근 후 사무실 자리에서 마감 전 잔여 건 처리 상황을 마주하고, 위험한 건은 넘기고 확실한 건부터 마무리한다 장면.",일단 지금 보이는 것부터 정리하자. 퇴근 전까지 남은 운영 건을 비워야 한다,마감 전 잔여 건 처리 지금은 위험한 건은 넘기고 확실한 건부터 마무리한다,완료 목록이 늘어나며 하루가 정리된다,"[""work"", ""operations"", ""routine""]",ordinary,0,"[-3, -1]","[-5, 1]","[12, 22]",False
company_finance_admin_01,경비 정산 검토,finance_admin,비용/정산/구매 행정,제출한 경비 내역에 증빙이 하나 부족하다. 영수증과 사용 목적을 다시 맞춰 첨부한다.,"출근 후 사무실 자리에서 경비 정산 검토 상황을 마주하고, 영수증과 사용 목적을 다시 맞춰 첨부한다 장면.",급해 보여도 순서부터 잡아야 해. 제출한 경비 내역에 증빙이 하나 부족하다,경비 정산 검토 지금은 영수증과 사용 목적을 다시 맞춰 첨부한다,반려될 가능성을 조금 줄여둔다,"[""work"", ""admin"", ""money""]",tense,0,"[-3, -1]","[-9, -3]","[12, 22]",False
company_finance_admin_02,구매 요청 승인선 확인,finance_admin,비용/정산/구매 행정,구매 요청이 어느 승인선을 타야 할지 애매하다. 금액과 품목 기준을 찾아 결재 경로를 정한다.,"출근 후 사무실 자리에서 구매 요청 승인선 확인 상황을 마주하고, 금액과 품목 기준을 찾아 결재 경로를 정한다 장면.",급해 보여도 순서부터 잡아야 해. 구매 요청이 어느 승인선을 타야 할지 애매하다,구매 요청 승인선 확인 지금은 금액과 품목 기준을 찾아 결재 경로를 정한다,잘못 올려 되돌아오는 일을 막는다,"[""work"", ""admin"", ""money""]",tense,0,"[-3, -1]","[-9, -3]","[12, 22]",False
company_finance_admin_03,청구서 금액 불일치,finance_admin,비용/정산/구매 행정,"청구서 금액이 발주 내역과 맞지 않는다. 단가와 수량, 할인 조건을 하나씩 대조한다.","출근 후 사무실 자리에서 청구서 금액 불일치 상황을 마주하고, 단가와 수량, 할인 조건을 하나씩 대조한다 장면.",급해 보여도 순서부터 잡아야 해. 청구서 금액이 발주 내역과 맞지 않는다,"청구서 금액 불일치 지금은 단가와 수량, 할인 조건을 하나씩 대조한다",차이가 나는 부분을 표시해 회계에 전달한다,"[""work"", ""admin"", ""money""]",tense,0,"[-3, -1]","[-9, -3]","[12, 22]",False
company_finance_admin_04,예산 한도 확인,finance_admin,비용/정산/구매 행정,새 요청을 넣으면 이번 달 예산을 넘길 수 있다. 남은 예산과 꼭 필요한 지출을 비교한다.,"출근 후 사무실 자리에서 예산 한도 확인 상황을 마주하고, 남은 예산과 꼭 필요한 지출을 비교한다 장면.",급해 보여도 순서부터 잡아야 해. 새 요청을 넣으면 이번 달 예산을 넘길 수 있다,예산 한도 확인 지금은 남은 예산과 꼭 필요한 지출을 비교한다,지금 살 것과 다음 달로 넘길 것을 나눈다,"[""work"", ""admin"", ""money""]",tense,0,"[-3, -1]","[-9, -3]","[12, 22]",False
company_finance_admin_05,증빙 파일명 정리,finance_admin,비용/정산/구매 행정,첨부 파일명이 제각각이라 나중에 찾기 어렵다. 날짜와 거래처 기준으로 파일명을 맞춘다.,"출근 후 사무실 자리에서 증빙 파일명 정리 상황을 마주하고, 날짜와 거래처 기준으로 파일명을 맞춘다 장면.",급해 보여도 순서부터 잡아야 해. 첨부 파일명이 제각각이라 나중에 찾기 어렵다,증빙 파일명 정리 지금은 날짜와 거래처 기준으로 파일명을 맞춘다,작은 정리가 정산 시간을 줄여준다,"[""work"", ""admin"", ""money""]",tense,0,"[-3, -1]","[-9, -3]","[12, 22]",False
company_finance_admin_06,구독 갱신 검토,finance_admin,비용/정산/구매 행정,업무용 서비스 갱신 알림이 도착했다. 실제 사용량과 대체 가능성을 확인한다.,"출근 후 사무실 자리에서 구독 갱신 검토 상황을 마주하고, 실제 사용량과 대체 가능성을 확인한다 장면.",급해 보여도 순서부터 잡아야 해. 업무용 서비스 갱신 알림이 도착했다,구독 갱신 검토 지금은 실제 사용량과 대체 가능성을 확인한다,자동 결제 전에 유지 여부를 정리한다,"[""work"", ""admin"", ""money""]",tense,0,"[-3, -1]","[-9, -3]","[12, 22]",False
company_finance_admin_07,거래처 등록 서류,finance_admin,비용/정산/구매 행정,"새 거래처 등록에 필요한 서류가 아직 모자라다. 사업자 정보와 계좌, 담당자 연락처를 확인한다.","출근 후 사무실 자리에서 거래처 등록 서류 상황을 마주하고, 사업자 정보와 계좌, 담당자 연락처를 확인한다 장면.",급해 보여도 순서부터 잡아야 해. 새 거래처 등록에 필요한 서류가 아직 모자라다,"거래처 등록 서류 지금은 사업자 정보와 계좌, 담당자 연락처를 확인한다",등록 요청을 한 번에 통과시키려 빈칸을 채운다,"[""work"", ""admin"", ""money""]",tense,0,"[-3, -1]","[-9, -3]","[12, 22]",False
company_finance_admin_08,세금계산서 확인,finance_admin,비용/정산/구매 행정,"세금계산서 발행 정보가 요청 내용과 맞는지 봐야 한다. 공급가액과 날짜, 사업자 번호를 대조한다.","출근 후 사무실 자리에서 세금계산서 확인 상황을 마주하고, 공급가액과 날짜, 사업자 번호를 대조한다 장면.",급해 보여도 순서부터 잡아야 해. 세금계산서 발행 정보가 요청 내용과 맞는지 봐야 한다,"세금계산서 확인 지금은 공급가액과 날짜, 사업자 번호를 대조한다",틀리기 쉬운 숫자에 눈이 오래 머문다,"[""work"", ""admin"", ""money""]",tense,0,"[-3, -1]","[-9, -3]","[12, 22]",False
company_finance_admin_09,법인카드 알림 점검,finance_admin,비용/정산/구매 행정,법인카드 사용 알림이 예상보다 많이 들어왔다. 내가 쓴 항목과 공용 지출을 구분한다.,"출근 후 사무실 자리에서 법인카드 알림 점검 상황을 마주하고, 내가 쓴 항목과 공용 지출을 구분한다 장면.",급해 보여도 순서부터 잡아야 해. 법인카드 사용 알림이 예상보다 많이 들어왔다,법인카드 알림 점검 지금은 내가 쓴 항목과 공용 지출을 구분한다,누락된 설명을 미리 적어둔다,"[""work"", ""admin"", ""money""]",tense,0,"[-3, -1]","[-9, -3]","[12, 22]",False
company_finance_admin_10,월말 비용 마감,finance_admin,비용/정산/구매 행정,월말 마감 시간이 다가오며 비용 건들이 몰린다. 급한 건부터 증빙과 결재 상태를 맞춘다.,"출근 후 사무실 자리에서 월말 비용 마감 상황을 마주하고, 급한 건부터 증빙과 결재 상태를 맞춘다 장면.",급해 보여도 순서부터 잡아야 해. 월말 마감 시간이 다가오며 비용 건들이 몰린다,월말 비용 마감 지금은 급한 건부터 증빙과 결재 상태를 맞춘다,숫자가 닫히기 전에 마지막 빈칸을 채운다,"[""work"", ""admin"", ""money""]",tense,0,"[-3, -1]","[-9, -3]","[12, 22]",False
company_it_security_01,비밀번호 만료 대응,it_security,보안/계정/시스템,로그인 직후 비밀번호 만료 알림이 뜬다. 새 비밀번호를 설정하고 저장된 접속 정보를 갱신한다.,"출근 후 사무실 자리에서 비밀번호 만료 대응 상황을 마주하고, 새 비밀번호를 설정하고 저장된 접속 정보를 갱신한다 장면.",급해 보여도 순서부터 잡아야 해. 로그인 직후 비밀번호 만료 알림이 뜬다,비밀번호 만료 대응 지금은 새 비밀번호를 설정하고 저장된 접속 정보를 갱신한다,시작부터 막히던 화면이 겨우 열린다,"[""work"", ""it"", ""security""]",tense,0,"[-5, -2]","[-9, -3]","[12, 22]",False
company_it_security_02,권한 요청 작성,it_security,보안/계정/시스템,필요한 자료가 권한 없음 화면 뒤에 잠겨 있다. 왜 필요한지와 기간을 적어 접근 요청을 보낸다.,"출근 후 사무실 자리에서 권한 요청 작성 상황을 마주하고, 왜 필요한지와 기간을 적어 접근 요청을 보낸다 장면.",급해 보여도 순서부터 잡아야 해. 필요한 자료가 권한 없음 화면 뒤에 잠겨 있다,권한 요청 작성 지금은 왜 필요한지와 기간을 적어 접근 요청을 보낸다,기다리는 동안 할 수 있는 작업으로 돌아간다,"[""work"", ""it"", ""security""]",tense,0,"[-5, -2]","[-9, -3]","[12, 22]",False
company_it_security_03,VPN 접속 불안정,it_security,보안/계정/시스템,사내망 접속이 자꾸 끊겨 업무가 이어지지 않는다. 네트워크와 인증 상태를 확인하고 재접속한다.,"출근 후 사무실 자리에서 VPN 접속 불안정 상황을 마주하고, 네트워크와 인증 상태를 확인하고 재접속한다 장면.",급해 보여도 순서부터 잡아야 해. 사내망 접속이 자꾸 끊겨 업무가 이어지지 않는다,VPN 접속 불안정 지금은 네트워크와 인증 상태를 확인하고 재접속한다,불안한 연결 속에서도 필요한 파일을 먼저 받는다,"[""work"", ""it"", ""security""]",tense,0,"[-5, -2]","[-9, -3]","[12, 22]",False
company_it_security_04,이중 인증 재설정,it_security,보안/계정/시스템,인증 앱 알림이 오지 않아 로그인이 멈췄다. 백업 코드를 확인하고 재설정 절차를 따라간다.,"출근 후 사무실 자리에서 이중 인증 재설정 상황을 마주하고, 백업 코드를 확인하고 재설정 절차를 따라간다 장면.",급해 보여도 순서부터 잡아야 해. 인증 앱 알림이 오지 않아 로그인이 멈췄다,이중 인증 재설정 지금은 백업 코드를 확인하고 재설정 절차를 따라간다,보안은 든든하지만 오늘은 조금 번거롭다,"[""work"", ""it"", ""security""]",tense,0,"[-5, -2]","[-9, -3]","[12, 22]",False
company_it_security_05,필수 업데이트 대기,it_security,보안/계정/시스템,업무 프로그램이 업데이트 없이는 열리지 않는다. 걸리는 시간을 확인하고 기다리는 동안 다른 일을 정리한다.,"출근 후 사무실 자리에서 필수 업데이트 대기 상황을 마주하고, 걸리는 시간을 확인하고 기다리는 동안 다른 일을 정리한다 장면.",급해 보여도 순서부터 잡아야 해. 업무 프로그램이 업데이트 없이는 열리지 않는다,필수 업데이트 대기 지금은 걸리는 시간을 확인하고 기다리는 동안 다른 일을 정리한다,진행 막대가 끝나자 밀린 작업을 다시 연다,"[""work"", ""it"", ""security""]",tense,0,"[-5, -2]","[-9, -3]","[12, 22]",False
company_it_security_06,자료 접근 범위 점검,it_security,보안/계정/시스템,공유 폴더가 너무 넓게 열려 있는 것 같다. 필요한 사람과 기간만 남기도록 권한을 확인한다.,"출근 후 사무실 자리에서 자료 접근 범위 점검 상황을 마주하고, 필요한 사람과 기간만 남기도록 권한을 확인한다 장면.",급해 보여도 순서부터 잡아야 해. 공유 폴더가 너무 넓게 열려 있는 것 같다,자료 접근 범위 점검 지금은 필요한 사람과 기간만 남기도록 권한을 확인한다,편리함보다 나중의 사고를 먼저 줄인다,"[""work"", ""it"", ""security""]",tense,0,"[-5, -2]","[-9, -3]","[12, 22]",False
company_it_security_07,피싱 훈련 메일 확인,it_security,보안/계정/시스템,수상한 메일이 진짜 요청인지 훈련인지 헷갈린다. 링크를 누르기 전에 발신자와 도메인을 확인한다.,"출근 후 사무실 자리에서 피싱 훈련 메일 확인 상황을 마주하고, 링크를 누르기 전에 발신자와 도메인을 확인한다 장면.",급해 보여도 순서부터 잡아야 해. 수상한 메일이 진짜 요청인지 훈련인지 헷갈린다,피싱 훈련 메일 확인 지금은 링크를 누르기 전에 발신자와 도메인을 확인한다,확신이 서지 않아 보안 채널에 신고한다,"[""work"", ""it"", ""security""]",tense,0,"[-5, -2]","[-9, -3]","[12, 22]",False
company_it_security_08,계정 잠김 해제,it_security,보안/계정/시스템,로그인 실패가 쌓여 계정이 잠겼다. 지원 요청을 보내고 필요한 신원 확인을 준비한다.,"출근 후 사무실 자리에서 계정 잠김 해제 상황을 마주하고, 지원 요청을 보내고 필요한 신원 확인을 준비한다 장면.",급해 보여도 순서부터 잡아야 해. 로그인 실패가 쌓여 계정이 잠겼다,계정 잠김 해제 지금은 지원 요청을 보내고 필요한 신원 확인을 준비한다,대기 시간이 길어져도 기록은 남겨둔다,"[""work"", ""it"", ""security""]",tense,0,"[-5, -2]","[-9, -3]","[12, 22]",False
company_it_security_09,소프트웨어 라이선스 확인,it_security,보안/계정/시스템,사용 중인 툴의 라이선스 만료 경고가 뜬다. 팀 사용 인원과 필요한 권한을 다시 세어본다.,"출근 후 사무실 자리에서 소프트웨어 라이선스 확인 상황을 마주하고, 팀 사용 인원과 필요한 권한을 다시 세어본다 장면.",급해 보여도 순서부터 잡아야 해. 사용 중인 툴의 라이선스 만료 경고가 뜬다,소프트웨어 라이선스 확인 지금은 팀 사용 인원과 필요한 권한을 다시 세어본다,갱신 요청에 근거 숫자를 붙인다,"[""work"", ""it"", ""security""]",tense,0,"[-5, -2]","[-9, -3]","[12, 22]",False
company_it_security_10,백업 상태 확인,it_security,보안/계정/시스템,중요 파일 백업이 제대로 돌고 있는지 걱정된다. 최근 백업 시간과 실패 로그를 확인한다.,"출근 후 사무실 자리에서 백업 상태 확인 상황을 마주하고, 최근 백업 시간과 실패 로그를 확인한다 장면.",급해 보여도 순서부터 잡아야 해. 중요 파일 백업이 제대로 돌고 있는지 걱정된다,백업 상태 확인 지금은 최근 백업 시간과 실패 로그를 확인한다,문제가 없다는 사실도 오늘의 작은 안심이 된다,"[""work"", ""it"", ""security""]",tense,0,"[-5, -2]","[-9, -3]","[12, 22]",False
company_knowledge_01,FAQ 최신화,knowledge,지식/매뉴얼 정리,자주 묻는 질문 문서가 현재 정책과 조금씩 다르다. 바뀐 답변과 예전 문구를 대조해 고친다.,"출근 후 사무실 자리에서 FAQ 최신화 상황을 마주하고, 바뀐 답변과 예전 문구를 대조해 고친다 장면.","좋아, 오늘은 차분하게 가자. 자주 묻는 질문 문서가 현재 정책과 조금씩 다르다",FAQ 최신화 지금은 바뀐 답변과 예전 문구를 대조해 고친다,다음 문의에 같은 설명을 반복하지 않아도 된다,"[""work"", ""knowledge"", ""document""]",calm,0,"[-2, 0]","[-1, 4]","[12, 22]",False
company_knowledge_02,업무 절차서 보강,knowledge,지식/매뉴얼 정리,절차서가 큰 흐름만 있고 실제 클릭 경로가 빠져 있다. 처음 보는 사람도 따라갈 수 있게 단계와 예시를 더한다.,"출근 후 사무실 자리에서 업무 절차서 보강 상황을 마주하고, 처음 보는 사람도 따라갈 수 있게 단계와 예시를 더한다 장면.","좋아, 오늘은 차분하게 가자. 절차서가 큰 흐름만 있고 실제 클릭 경로가 빠져 있다",업무 절차서 보강 지금은 처음 보는 사람도 따라갈 수 있게 단계와 예시를 더한다,문서가 기억이 아니라 안내서에 가까워진다,"[""work"", ""knowledge"", ""document""]",calm,0,"[-2, 0]","[-1, 4]","[12, 22]",False
company_knowledge_03,장애 회고 정리,knowledge,지식/매뉴얼 정리,"지난 이슈에서 배운 점을 흘려보내기 아깝다. 원인과 대응, 다음 예방책을 짧게 정리한다.","출근 후 사무실 자리에서 장애 회고 정리 상황을 마주하고, 원인과 대응, 다음 예방책을 짧게 정리한다 장면.","좋아, 오늘은 차분하게 가자. 지난 이슈에서 배운 점을 흘려보내기 아깝다","장애 회고 정리 지금은 원인과 대응, 다음 예방책을 짧게 정리한다",같은 실수를 줄일 작은 장치가 생긴다,"[""work"", ""knowledge"", ""document""]",calm,0,"[-2, 0]","[-1, 4]","[12, 22]",False
company_knowledge_04,온보딩 체크리스트 수정,knowledge,지식/매뉴얼 정리,신입이 막히는 지점이 체크리스트에 없다. 처음 한 주에 필요한 계정과 문서를 순서대로 보강한다.,"출근 후 사무실 자리에서 온보딩 체크리스트 수정 상황을 마주하고, 처음 한 주에 필요한 계정과 문서를 순서대로 보강한다 장면.","좋아, 오늘은 차분하게 가자. 신입이 막히는 지점이 체크리스트에 없다",온보딩 체크리스트 수정 지금은 처음 한 주에 필요한 계정과 문서를 순서대로 보강한다,누군가의 첫날이 조금 덜 막막해진다,"[""work"", ""knowledge"", ""document""]",calm,0,"[-2, 0]","[-1, 4]","[12, 22]",False
company_knowledge_05,명명 규칙 정리,knowledge,지식/매뉴얼 정리,파일과 문서 이름이 팀마다 다르게 붙고 있다. 헷갈리는 예시를 모아 공통 규칙을 적는다.,"출근 후 사무실 자리에서 명명 규칙 정리 상황을 마주하고, 헷갈리는 예시를 모아 공통 규칙을 적는다 장면.","좋아, 오늘은 차분하게 가자. 파일과 문서 이름이 팀마다 다르게 붙고 있다",명명 규칙 정리 지금은 헷갈리는 예시를 모아 공통 규칙을 적는다,나중에 찾을 수 있는 이름으로 정리된다,"[""work"", ""knowledge"", ""document""]",calm,0,"[-2, 0]","[-1, 4]","[12, 22]",False
company_knowledge_06,템플릿 개선,knowledge,지식/매뉴얼 정리,매번 새로 쓰는 문서가 사실 비슷한 구조를 가진다. 반복되는 항목을 템플릿으로 빼고 설명을 붙인다.,"출근 후 사무실 자리에서 템플릿 개선 상황을 마주하고, 반복되는 항목을 템플릿으로 빼고 설명을 붙인다 장면.","좋아, 오늘은 차분하게 가자. 매번 새로 쓰는 문서가 사실 비슷한 구조를 가진다",템플릿 개선 지금은 반복되는 항목을 템플릿으로 빼고 설명을 붙인다,다음 작업의 첫 페이지가 덜 하얗게 보인다,"[""work"", ""knowledge"", ""document""]",calm,0,"[-2, 0]","[-1, 4]","[12, 22]",False
company_knowledge_07,죽은 링크 정리,knowledge,지식/매뉴얼 정리,매뉴얼 곳곳의 링크가 오래되어 열리지 않는다. 새 위치를 찾고 사라진 자료는 대체 문서를 연결한다.,"출근 후 사무실 자리에서 죽은 링크 정리 상황을 마주하고, 새 위치를 찾고 사라진 자료는 대체 문서를 연결한다 장면.","좋아, 오늘은 차분하게 가자. 매뉴얼 곳곳의 링크가 오래되어 열리지 않는다",죽은 링크 정리 지금은 새 위치를 찾고 사라진 자료는 대체 문서를 연결한다,문서가 다시 길 안내를 할 수 있게 된다,"[""work"", ""knowledge"", ""document""]",calm,0,"[-2, 0]","[-1, 4]","[12, 22]",False
company_knowledge_08,암묵지 문서화,knowledge,지식/매뉴얼 정리,몇몇 업무는 아는 사람만 아는 방식으로 돌아간다. 실수하기 쉬운 판단 기준을 문장으로 꺼낸다.,"출근 후 사무실 자리에서 암묵지 문서화 상황을 마주하고, 실수하기 쉬운 판단 기준을 문장으로 꺼낸다 장면.","좋아, 오늘은 차분하게 가자. 몇몇 업무는 아는 사람만 아는 방식으로 돌아간다",암묵지 문서화 지금은 실수하기 쉬운 판단 기준을 문장으로 꺼낸다,머릿속에 있던 일이 팀의 자산으로 내려온다,"[""work"", ""knowledge"", ""document""]",calm,0,"[-2, 0]","[-1, 4]","[12, 22]",False
company_knowledge_09,검색 태그 정리,knowledge,지식/매뉴얼 정리,좋은 문서가 있어도 검색에 잘 걸리지 않는다. 주요 키워드와 별칭을 문서 앞에 추가한다.,"출근 후 사무실 자리에서 검색 태그 정리 상황을 마주하고, 주요 키워드와 별칭을 문서 앞에 추가한다 장면.","좋아, 오늘은 차분하게 가자. 좋은 문서가 있어도 검색에 잘 걸리지 않는다",검색 태그 정리 지금은 주요 키워드와 별칭을 문서 앞에 추가한다,찾는 시간이 줄어드는 방향으로 문서가 정돈된다,"[""work"", ""knowledge"", ""document""]",calm,0,"[-2, 0]","[-1, 4]","[12, 22]",False
company_knowledge_10,퇴근 전 지식 메모,knowledge,지식/매뉴얼 정리,오늘 해결한 문제를 내일 또 찾게 될 것 같다. 원인과 해결 절차를 짧은 메모로 남긴다.,"출근 후 사무실 자리에서 퇴근 전 지식 메모 상황을 마주하고, 원인과 해결 절차를 짧은 메모로 남긴다 장면.","좋아, 오늘은 차분하게 가자. 오늘 해결한 문제를 내일 또 찾게 될 것 같다",퇴근 전 지식 메모 지금은 원인과 해결 절차를 짧은 메모로 남긴다,작은 기록 하나가 다음 시간을 아껴준다,"[""work"", ""knowledge"", ""document""]",calm,0,"[-2, 0]","[-1, 4]","[12, 22]",False
company_training_01,필수 교육 수강,training,교육/학습/온보딩,필수 교육 마감일이 캘린더에 빨갛게 남아 있다. 영상 속 중요한 규정과 적용 사례를 표시한다.,"출근 후 사무실 자리에서 필수 교육 수강 상황을 마주하고, 영상 속 중요한 규정과 적용 사례를 표시한다 장면.","좋아, 오늘은 차분하게 가자. 필수 교육 마감일이 캘린더에 빨갛게 남아 있다",필수 교육 수강 지금은 영상 속 중요한 규정과 적용 사례를 표시한다,완료 체크가 뜨자 미뤄둔 부담이 사라진다,"[""work"", ""training"", ""career""]",calm,0,"[-2, 0]","[-1, 4]","[12, 22]",False
company_training_02,새 도구 실습,training,교육/학습/온보딩,팀에서 쓰기 시작한 새 도구 화면이 낯설다. 예제 프로젝트를 따라 하며 버튼 위치를 익힌다.,"출근 후 사무실 자리에서 새 도구 실습 상황을 마주하고, 예제 프로젝트를 따라 하며 버튼 위치를 익힌다 장면.","좋아, 오늘은 차분하게 가자. 팀에서 쓰기 시작한 새 도구 화면이 낯설다",새 도구 실습 지금은 예제 프로젝트를 따라 하며 버튼 위치를 익힌다,처음보다 덜 헤매는 손놀림이 생긴다,"[""work"", ""training"", ""career""]",calm,0,"[-2, 0]","[-1, 4]","[12, 22]",False
company_training_03,온보딩 퀴즈,training,교육/학습/온보딩,교육 마지막에 짧은 퀴즈가 기다리고 있다. 헷갈린 규칙을 다시 열어보고 답을 고른다.,"출근 후 사무실 자리에서 온보딩 퀴즈 상황을 마주하고, 헷갈린 규칙을 다시 열어보고 답을 고른다 장면.","좋아, 오늘은 차분하게 가자. 교육 마지막에 짧은 퀴즈가 기다리고 있다",온보딩 퀴즈 지금은 헷갈린 규칙을 다시 열어보고 답을 고른다,통과 메시지가 뜨자 안도의 숨이 나온다,"[""work"", ""training"", ""career""]",calm,0,"[-2, 0]","[-1, 4]","[12, 22]",False
company_training_04,녹화 세미나 정리,training,교육/학습/온보딩,실시간으로 못 들은 세미나 녹화가 남아 있다. 필요한 구간만 보며 업무에 쓸 내용을 메모한다.,"출근 후 사무실 자리에서 녹화 세미나 정리 상황을 마주하고, 필요한 구간만 보며 업무에 쓸 내용을 메모한다 장면.","좋아, 오늘은 차분하게 가자. 실시간으로 못 들은 세미나 녹화가 남아 있다",녹화 세미나 정리 지금은 필요한 구간만 보며 업무에 쓸 내용을 메모한다,긴 영상이 몇 개의 실행 항목으로 줄어든다,"[""work"", ""training"", ""career""]",calm,0,"[-2, 0]","[-1, 4]","[12, 22]",False
company_training_05,멘토 작업 관찰,training,교육/학습/온보딩,숙련자가 일하는 방식을 옆에서 따라 본다. 왜 그 순서로 처리하는지 질문을 남긴다.,"출근 후 사무실 자리에서 멘토 작업 관찰 상황을 마주하고, 왜 그 순서로 처리하는지 질문을 남긴다 장면.","좋아, 오늘은 차분하게 가자. 숙련자가 일하는 방식을 옆에서 따라 본다",멘토 작업 관찰 지금은 왜 그 순서로 처리하는지 질문을 남긴다,손에 익지 않은 요령이 조금 보인다,"[""work"", ""training"", ""career""]",calm,0,"[-2, 0]","[-1, 4]","[12, 22]",False
company_training_06,인증 마감 준비,training,교육/학습/온보딩,사내 인증 제출일이 가까워지고 있다. 남은 학습 범위와 예상 소요 시간을 다시 계산한다.,"출근 후 사무실 자리에서 인증 마감 준비 상황을 마주하고, 남은 학습 범위와 예상 소요 시간을 다시 계산한다 장면.","좋아, 오늘은 차분하게 가자. 사내 인증 제출일이 가까워지고 있다",인증 마감 준비 지금은 남은 학습 범위와 예상 소요 시간을 다시 계산한다,오늘 끝낼 분량을 현실적으로 줄인다,"[""work"", ""training"", ""career""]",calm,0,"[-2, 0]","[-1, 4]","[12, 22]",False
company_training_07,신규 기능 안내,training,교육/학습/온보딩,새 기능 배포에 맞춰 사용법을 익혀야 한다. 변경된 메뉴와 주의사항을 테스트 환경에서 눌러본다.,"출근 후 사무실 자리에서 신규 기능 안내 상황을 마주하고, 변경된 메뉴와 주의사항을 테스트 환경에서 눌러본다 장면.","좋아, 오늘은 차분하게 가자. 새 기능 배포에 맞춰 사용법을 익혀야 한다",신규 기능 안내 지금은 변경된 메뉴와 주의사항을 테스트 환경에서 눌러본다,실제 업무에 쓰기 전 작은 실수를 먼저 해본다,"[""work"", ""training"", ""career""]",calm,0,"[-2, 0]","[-1, 4]","[12, 22]",False
company_training_08,점심시간 학습회,training,교육/학습/온보딩,점심시간에 짧은 내부 공유 세션이 열린다. 업무와 연결되는 부분만 노트에 적는다.,"출근 후 사무실 자리에서 점심시간 학습회 상황을 마주하고, 업무와 연결되는 부분만 노트에 적는다 장면.","좋아, 오늘은 차분하게 가자. 점심시간에 짧은 내부 공유 세션이 열린다",점심시간 학습회 지금은 업무와 연결되는 부분만 노트에 적는다,가벼운 자리였지만 쓸 만한 힌트를 하나 얻는다,"[""work"", ""training"", ""career""]",calm,0,"[-2, 0]","[-1, 4]","[12, 22]",False
company_training_09,배운 점 업무 적용,training,교육/학습/온보딩,교육에서 들은 내용을 그냥 넘기기 아깝다. 오늘 업무 중 바로 적용할 수 있는 한 가지를 고른다.,"출근 후 사무실 자리에서 배운 점 업무 적용 상황을 마주하고, 오늘 업무 중 바로 적용할 수 있는 한 가지를 고른다 장면.","좋아, 오늘은 차분하게 가자. 교육에서 들은 내용을 그냥 넘기기 아깝다",배운 점 업무 적용 지금은 오늘 업무 중 바로 적용할 수 있는 한 가지를 고른다,배움이 체크박스가 아니라 작은 변화로 이어진다,"[""work"", ""training"", ""career""]",calm,0,"[-2, 0]","[-1, 4]","[12, 22]",False
company_training_10,교육 자료 피드백,training,교육/학습/온보딩,교육 자료에 실제 업무와 다른 예시가 보인다. 헷갈릴 수 있는 부분을 피드백으로 정리한다.,"출근 후 사무실 자리에서 교육 자료 피드백 상황을 마주하고, 헷갈릴 수 있는 부분을 피드백으로 정리한다 장면.","좋아, 오늘은 차분하게 가자. 교육 자료에 실제 업무와 다른 예시가 보인다",교육 자료 피드백 지금은 헷갈릴 수 있는 부분을 피드백으로 정리한다,다음 사람이 덜 헷갈리길 바라며 제출한다,"[""work"", ""training"", ""career""]",calm,0,"[-2, 0]","[-1, 4]","[12, 22]",False
company_monthly_01,월말 실적 보고,monthly,월간/분기 루틴,월말 실적을 정리할 시간이 돌아왔다. 목표 대비 차이와 이유를 함께 적는다.,"출근 후 사무실 자리에서 월말 실적 보고 상황을 마주하고, 목표 대비 차이와 이유를 함께 적는다 장면.",집중해서 한 번에 흐름을 잡자. 월말 실적을 정리할 시간이 돌아왔다,월말 실적 보고 지금은 목표 대비 차이와 이유를 함께 적는다,숫자만 있는 표가 설명을 갖기 시작한다,"[""work"", ""monthly"", ""routine""]",focused,0,"[-3, -1]","[-6, -1]","[18, 28]",False
company_monthly_02,분기 리뷰 자료,monthly,월간/분기 루틴,분기 리뷰에는 지난 석 달의 흐름이 필요하다. 성과와 반복된 문제를 나눠 슬라이드에 올린다.,"출근 후 사무실 자리에서 분기 리뷰 자료 상황을 마주하고, 성과와 반복된 문제를 나눠 슬라이드에 올린다 장면.",집중해서 한 번에 흐름을 잡자. 분기 리뷰에는 지난 석 달의 흐름이 필요하다,분기 리뷰 자료 지금은 성과와 반복된 문제를 나눠 슬라이드에 올린다,큰 흐름이 보이자 다음 질문도 예상된다,"[""work"", ""monthly"", ""routine""]",focused,0,"[-3, -1]","[-6, -1]","[18, 28]",False
company_monthly_03,KPI 코멘트 작성,monthly,월간/분기 루틴,지표는 변했지만 왜 변했는지 문장이 비어 있다. 주요 원인과 불확실한 부분을 구분해 적는다.,"출근 후 사무실 자리에서 KPI 코멘트 작성 상황을 마주하고, 주요 원인과 불확실한 부분을 구분해 적는다 장면.",집중해서 한 번에 흐름을 잡자. 지표는 변했지만 왜 변했는지 문장이 비어 있다,KPI 코멘트 작성 지금은 주요 원인과 불확실한 부분을 구분해 적는다,좋은 소식도 나쁜 소식도 설명을 갖춘다,"[""work"", ""monthly"", ""routine""]",focused,0,"[-3, -1]","[-6, -1]","[18, 28]",False
company_monthly_04,마감 자료 보관,monthly,월간/분기 루틴,확정된 자료를 나중에 찾을 수 있게 보관해야 한다. 폴더와 파일명을 마감 기준에 맞춰 정리한다.,"출근 후 사무실 자리에서 마감 자료 보관 상황을 마주하고, 폴더와 파일명을 마감 기준에 맞춰 정리한다 장면.",집중해서 한 번에 흐름을 잡자. 확정된 자료를 나중에 찾을 수 있게 보관해야 한다,마감 자료 보관 지금은 폴더와 파일명을 마감 기준에 맞춰 정리한다,한 달의 흔적이 정해진 자리에 들어간다,"[""work"", ""monthly"", ""routine""]",focused,0,"[-3, -1]","[-6, -1]","[18, 28]",False
company_monthly_05,감사 대비 체크,monthly,월간/분기 루틴,정기 감사에 필요한 자료 요청이 도착했다. 증빙과 승인 기록이 이어지는지 확인한다.,"출근 후 사무실 자리에서 감사 대비 체크 상황을 마주하고, 증빙과 승인 기록이 이어지는지 확인한다 장면.",집중해서 한 번에 흐름을 잡자. 정기 감사에 필요한 자료 요청이 도착했다,감사 대비 체크 지금은 증빙과 승인 기록이 이어지는지 확인한다,갑작스러운 질문에도 꺼낼 근거를 준비한다,"[""work"", ""monthly"", ""routine""]",focused,0,"[-3, -1]","[-6, -1]","[18, 28]",False
company_monthly_06,정기 회의 패킷,monthly,월간/분기 루틴,정기 회의 자료가 여러 문서로 흩어져 있다. 필수 표와 지난 결정 사항을 한 묶음으로 만든다.,"출근 후 사무실 자리에서 정기 회의 패킷 상황을 마주하고, 필수 표와 지난 결정 사항을 한 묶음으로 만든다 장면.",집중해서 한 번에 흐름을 잡자. 정기 회의 자료가 여러 문서로 흩어져 있다,정기 회의 패킷 지금은 필수 표와 지난 결정 사항을 한 묶음으로 만든다,참석자들이 같은 출발점에서 볼 수 있게 된다,"[""work"", ""monthly"", ""routine""]",focused,0,"[-3, -1]","[-6, -1]","[18, 28]",False
company_monthly_07,전월 대비 분석,monthly,월간/분기 루틴,이번 달 숫자가 지난달과 다르게 움직였다. 계절 요인과 일회성 변수를 분리해 본다.,"출근 후 사무실 자리에서 전월 대비 분석 상황을 마주하고, 계절 요인과 일회성 변수를 분리해 본다 장면.",집중해서 한 번에 흐름을 잡자. 이번 달 숫자가 지난달과 다르게 움직였다,전월 대비 분석 지금은 계절 요인과 일회성 변수를 분리해 본다,단순 증감 뒤의 이유가 조금 더 보인다,"[""work"", ""monthly"", ""routine""]",focused,0,"[-3, -1]","[-6, -1]","[18, 28]",False
company_monthly_08,예산 현황 스냅샷,monthly,월간/분기 루틴,"현재 예산 사용률을 빠르게 공유해야 한다. 사용액과 남은 금액, 위험 항목을 한 화면에 모은다.","출근 후 사무실 자리에서 예산 현황 스냅샷 상황을 마주하고, 사용액과 남은 금액, 위험 항목을 한 화면에 모은다 장면.",집중해서 한 번에 흐름을 잡자. 현재 예산 사용률을 빠르게 공유해야 한다,"예산 현황 스냅샷 지금은 사용액과 남은 금액, 위험 항목을 한 화면에 모은다",지금 결정해야 할 지출이 선명해진다,"[""work"", ""monthly"", ""routine""]",focused,0,"[-3, -1]","[-6, -1]","[18, 28]",False
company_monthly_09,로드맵 업데이트,monthly,월간/분기 루틴,"정기 업데이트에 맞춰 진행 현황을 다시 표시한다. 완료와 지연, 범위 변경을 구분해 적는다.","출근 후 사무실 자리에서 로드맵 업데이트 상황을 마주하고, 완료와 지연, 범위 변경을 구분해 적는다 장면.",집중해서 한 번에 흐름을 잡자. 정기 업데이트에 맞춰 진행 현황을 다시 표시한다,"로드맵 업데이트 지금은 완료와 지연, 범위 변경을 구분해 적는다",계획표가 실제 속도를 반영한다,"[""work"", ""monthly"", ""routine""]",focused,0,"[-3, -1]","[-6, -1]","[18, 28]",False
company_monthly_10,반복 리스크 점검,monthly,월간/분기 루틴,매달 비슷하게 터지는 문제가 또 보인다. 이번 달 징후와 이전 대응을 나란히 본다.,"출근 후 사무실 자리에서 반복 리스크 점검 상황을 마주하고, 이번 달 징후와 이전 대응을 나란히 본다 장면.",집중해서 한 번에 흐름을 잡자. 매달 비슷하게 터지는 문제가 또 보인다,반복 리스크 점검 지금은 이번 달 징후와 이전 대응을 나란히 본다,반복되는 위험에 먼저 이름을 붙인다,"[""work"", ""monthly"", ""routine""]",focused,0,"[-3, -1]","[-6, -1]","[18, 28]",False
company_quality_01,최종 오탈자 확인,quality,품질/검수,"제출 직전인데 작은 오탈자가 눈에 걸린다. 제목과 표, 버튼 문구를 천천히 훑는다.","출근 후 사무실 자리에서 최종 오탈자 확인 상황을 마주하고, 제목과 표, 버튼 문구를 천천히 훑는다 장면.",집중해서 한 번에 흐름을 잡자. 제출 직전인데 작은 오탈자가 눈에 걸린다,"최종 오탈자 확인 지금은 제목과 표, 버튼 문구를 천천히 훑는다",마지막 수정이 문서의 신뢰도를 지켜준다,"[""work"", ""quality"", ""detail""]",focused,0,"[-3, -1]","[-6, -1]","[12, 22]",False
company_quality_02,숫자 합계 검증,quality,품질/검수,표의 합계가 자동 계산과 수기로 적은 값이 다르다. 수식 범위와 제외 행을 다시 확인한다.,"출근 후 사무실 자리에서 숫자 합계 검증 상황을 마주하고, 수식 범위와 제외 행을 다시 확인한다 장면.",집중해서 한 번에 흐름을 잡자. 표의 합계가 자동 계산과 수기로 적은 값이 다르다,숫자 합계 검증 지금은 수식 범위와 제외 행을 다시 확인한다,틀린 숫자를 잡고 나서야 마음이 놓인다,"[""work"", ""quality"", ""detail""]",focused,0,"[-3, -1]","[-6, -1]","[12, 22]",False
company_quality_03,링크 클릭 테스트,quality,품질/검수,공유할 문서 안의 링크가 실제로 열리는지 봐야 한다. 중요 링크를 하나씩 눌러 권한과 대상을 확인한다.,"출근 후 사무실 자리에서 링크 클릭 테스트 상황을 마주하고, 중요 링크를 하나씩 눌러 권한과 대상을 확인한다 장면.",집중해서 한 번에 흐름을 잡자. 공유할 문서 안의 링크가 실제로 열리는지 봐야 한다,링크 클릭 테스트 지금은 중요 링크를 하나씩 눌러 권한과 대상을 확인한다,열리지 않는 링크를 보내는 일을 피한다,"[""work"", ""quality"", ""detail""]",focused,0,"[-3, -1]","[-6, -1]","[12, 22]",False
company_quality_04,첨부파일 대조,quality,품질/검수,메일 본문과 첨부파일 이름이 서로 다르다. 최종본 파일과 참고용 파일을 다시 구분한다.,"출근 후 사무실 자리에서 첨부파일 대조 상황을 마주하고, 최종본 파일과 참고용 파일을 다시 구분한다 장면.",집중해서 한 번에 흐름을 잡자. 메일 본문과 첨부파일 이름이 서로 다르다,첨부파일 대조 지금은 최종본 파일과 참고용 파일을 다시 구분한다,잘못된 파일을 보내기 전 멈출 수 있었다,"[""work"", ""quality"", ""detail""]",focused,0,"[-3, -1]","[-6, -1]","[12, 22]",False
company_quality_05,표기 규칙 맞추기,quality,품질/검수,한 문서 안에서 같은 말을 여러 방식으로 쓰고 있다. 용어와 날짜 표기를 기준에 맞춰 통일한다.,"출근 후 사무실 자리에서 표기 규칙 맞추기 상황을 마주하고, 용어와 날짜 표기를 기준에 맞춰 통일한다 장면.",집중해서 한 번에 흐름을 잡자. 한 문서 안에서 같은 말을 여러 방식으로 쓰고 있다,표기 규칙 맞추기 지금은 용어와 날짜 표기를 기준에 맞춰 통일한다,작은 통일감이 결과물을 더 단단하게 만든다,"[""work"", ""quality"", ""detail""]",focused,0,"[-3, -1]","[-6, -1]","[12, 22]",False
company_quality_06,수용 조건 확인,quality,품질/검수,업무가 끝났다고 말하기 전에 조건을 봐야 한다. 요청자가 처음 적은 조건과 결과물을 대조한다.,"출근 후 사무실 자리에서 수용 조건 확인 상황을 마주하고, 요청자가 처음 적은 조건과 결과물을 대조한다 장면.",집중해서 한 번에 흐름을 잡자. 업무가 끝났다고 말하기 전에 조건을 봐야 한다,수용 조건 확인 지금은 요청자가 처음 적은 조건과 결과물을 대조한다,완료 표시를 하기 위한 근거가 생긴다,"[""work"", ""quality"", ""detail""]",focused,0,"[-3, -1]","[-6, -1]","[12, 22]",False
company_quality_07,샘플 데이터 검수,quality,품질/검수,전체를 보기 전 샘플 몇 개가 제대로 처리됐는지 확인한다. 정상과 예외 샘플을 골라 결과를 비교한다.,"출근 후 사무실 자리에서 샘플 데이터 검수 상황을 마주하고, 정상과 예외 샘플을 골라 결과를 비교한다 장면.",집중해서 한 번에 흐름을 잡자. 전체를 보기 전 샘플 몇 개가 제대로 처리됐는지 확인한다,샘플 데이터 검수 지금은 정상과 예외 샘플을 골라 결과를 비교한다,작은 샘플이 큰 실수를 미리 알려준다,"[""work"", ""quality"", ""detail""]",focused,0,"[-3, -1]","[-6, -1]","[12, 22]",False
company_quality_08,릴리즈 노트 점검,quality,품질/검수,변경 사항이 배포 노트에 빠지면 문의가 늘어날 수 있다. 사용자에게 보이는 변화와 내부 수정 사항을 나눈다.,"출근 후 사무실 자리에서 릴리즈 노트 점검 상황을 마주하고, 사용자에게 보이는 변화와 내부 수정 사항을 나눈다 장면.",집중해서 한 번에 흐름을 잡자. 변경 사항이 배포 노트에 빠지면 문의가 늘어날 수 있다,릴리즈 노트 점검 지금은 사용자에게 보이는 변화와 내부 수정 사항을 나눈다,읽는 사람이 필요한 만큼만 알 수 있게 된다,"[""work"", ""quality"", ""detail""]",focused,0,"[-3, -1]","[-6, -1]","[12, 22]",False
company_quality_09,데이터 유효성 확인,quality,품질/검수,입력값에 말이 안 되는 날짜와 빈칸이 섞여 있다. 필수 값과 범위 조건을 걸어 이상 항목을 표시한다.,"출근 후 사무실 자리에서 데이터 유효성 확인 상황을 마주하고, 필수 값과 범위 조건을 걸어 이상 항목을 표시한다 장면.",집중해서 한 번에 흐름을 잡자. 입력값에 말이 안 되는 날짜와 빈칸이 섞여 있다,데이터 유효성 확인 지금은 필수 값과 범위 조건을 걸어 이상 항목을 표시한다,잘못된 데이터가 다음 단계로 넘어가지 않게 막는다,"[""work"", ""quality"", ""detail""]",focused,0,"[-3, -1]","[-6, -1]","[12, 22]",False
company_quality_10,발송 전 최종 검토,quality,품질/검수,"메일 발송 버튼 앞에서 한 번 더 멈춘다. 수신자와 제목, 첨부, 본문 약속을 순서대로 확인한다.","출근 후 사무실 자리에서 발송 전 최종 검토 상황을 마주하고, 수신자와 제목, 첨부, 본문 약속을 순서대로 확인한다 장면.",집중해서 한 번에 흐름을 잡자. 메일 발송 버튼 앞에서 한 번 더 멈춘다,"발송 전 최종 검토 지금은 수신자와 제목, 첨부, 본문 약속을 순서대로 확인한다",보내고 후회할 가능성을 조금 낮춘다,"[""work"", ""quality"", ""detail""]",focused,0,"[-3, -1]","[-6, -1]","[12, 22]",False
company_communication_01,팀 공지 작성,communication,공지/내부 커뮤니케이션,팀 전체가 알아야 할 변경 사항이 생겼다. 핵심 변화와 적용 시점을 먼저 적는다.,"출근 후 사무실 자리에서 팀 공지 작성 상황을 마주하고, 핵심 변화와 적용 시점을 먼저 적는다 장면.",일단 지금 보이는 것부터 정리하자. 팀 전체가 알아야 할 변경 사항이 생겼다,팀 공지 작성 지금은 핵심 변화와 적용 시점을 먼저 적는다,길지 않아도 놓치면 안 되는 공지가 된다,"[""work"", ""communication"", ""office""]",ordinary,0,"[-3, -1]","[-5, 1]","[12, 22]",False
company_communication_02,일정 변경 안내,communication,공지/내부 커뮤니케이션,회의 시간이 바뀌었는데 모두가 알지는 못한다. 변경 이유와 새 시간을 한눈에 보이게 보낸다.,"출근 후 사무실 자리에서 일정 변경 안내 상황을 마주하고, 변경 이유와 새 시간을 한눈에 보이게 보낸다 장면.",일단 지금 보이는 것부터 정리하자. 회의 시간이 바뀌었는데 모두가 알지는 못한다,일정 변경 안내 지금은 변경 이유와 새 시간을 한눈에 보이게 보낸다,혼선을 줄이기 위해 캘린더도 함께 고친다,"[""work"", ""communication"", ""office""]",ordinary,0,"[-3, -1]","[-5, 1]","[12, 22]",False
company_communication_03,정책 리마인드,communication,공지/내부 커뮤니케이션,이미 공지한 규칙인데 다시 헷갈리는 사람이 많다. 왜 필요한지와 달라진 점만 짧게 다시 알린다.,"출근 후 사무실 자리에서 정책 리마인드 상황을 마주하고, 왜 필요한지와 달라진 점만 짧게 다시 알린다 장면.",일단 지금 보이는 것부터 정리하자. 이미 공지한 규칙인데 다시 헷갈리는 사람이 많다,정책 리마인드 지금은 왜 필요한지와 달라진 점만 짧게 다시 알린다,잔소리보다 기준에 가까운 문장으로 다듬는다,"[""work"", ""communication"", ""office""]",ordinary,0,"[-3, -1]","[-5, 1]","[12, 22]",False
company_communication_04,장애 안내 문구,communication,공지/내부 커뮤니케이션,"문제가 발생했지만 아직 모든 원인을 알지는 못한다. 현재 영향과 임시 조치, 다음 업데이트 시간을 적는다.","출근 후 사무실 자리에서 장애 안내 문구 상황을 마주하고, 현재 영향과 임시 조치, 다음 업데이트 시간을 적는다 장면.",일단 지금 보이는 것부터 정리하자. 문제가 발생했지만 아직 모든 원인을 알지는 못한다,"장애 안내 문구 지금은 현재 영향과 임시 조치, 다음 업데이트 시간을 적는다",불확실한 상황에서도 말할 수 있는 만큼 말한다,"[""work"", ""communication"", ""office""]",ordinary,0,"[-3, -1]","[-5, 1]","[12, 22]",False
company_communication_05,결정 사항 요약,communication,공지/내부 커뮤니케이션,"긴 논의 끝에 결정된 내용이 흩어져 있다. 결론과 책임자, 적용일을 세 줄로 묶는다.","출근 후 사무실 자리에서 결정 사항 요약 상황을 마주하고, 결론과 책임자, 적용일을 세 줄로 묶는다 장면.",일단 지금 보이는 것부터 정리하자. 긴 논의 끝에 결정된 내용이 흩어져 있다,"결정 사항 요약 지금은 결론과 책임자, 적용일을 세 줄로 묶는다",다시 물어볼 일을 줄이는 요약이 된다,"[""work"", ""communication"", ""office""]",ordinary,0,"[-3, -1]","[-5, 1]","[12, 22]",False
company_communication_06,감사 메시지,communication,공지/내부 커뮤니케이션,여러 사람이 급한 일을 도와 마무리했다. 구체적으로 어떤 도움이 컸는지 짧게 적는다.,"출근 후 사무실 자리에서 감사 메시지 상황을 마주하고, 구체적으로 어떤 도움이 컸는지 짧게 적는다 장면.",일단 지금 보이는 것부터 정리하자. 여러 사람이 급한 일을 도와 마무리했다,감사 메시지 지금은 구체적으로 어떤 도움이 컸는지 짧게 적는다,고마움도 업무의 다음 협업을 부드럽게 만든다,"[""work"", ""communication"", ""office""]",ordinary,0,"[-3, -1]","[-5, 1]","[12, 22]",False
company_communication_07,이해관계자 브리핑,communication,공지/내부 커뮤니케이션,관련자에게 현재 상황을 너무 깊지도 얕지도 않게 알려야 한다. 결정에 필요한 정보만 골라 간단히 정리한다.,"출근 후 사무실 자리에서 이해관계자 브리핑 상황을 마주하고, 결정에 필요한 정보만 골라 간단히 정리한다 장면.",일단 지금 보이는 것부터 정리하자. 관련자에게 현재 상황을 너무 깊지도 얕지도 않게 알려야 한다,이해관계자 브리핑 지금은 결정에 필요한 정보만 골라 간단히 정리한다,읽는 사람이 바로 판단할 수 있는 길이를 맞춘다,"[""work"", ""communication"", ""office""]",ordinary,0,"[-3, -1]","[-5, 1]","[12, 22]",False
company_communication_08,채널 사용 정리,communication,공지/내부 커뮤니케이션,중요한 이야기가 여러 채널에 흩어지고 있다. 공식 채널과 잡담 채널의 용도를 다시 안내한다.,"출근 후 사무실 자리에서 채널 사용 정리 상황을 마주하고, 공식 채널과 잡담 채널의 용도를 다시 안내한다 장면.",일단 지금 보이는 것부터 정리하자. 중요한 이야기가 여러 채널에 흩어지고 있다,채널 사용 정리 지금은 공식 채널과 잡담 채널의 용도를 다시 안내한다,정보가 흩어지는 속도를 조금 늦춘다,"[""work"", ""communication"", ""office""]",ordinary,0,"[-3, -1]","[-5, 1]","[12, 22]",False
company_communication_09,오해 정정,communication,공지/내부 커뮤니케이션,잘못 전달된 내용이 조용히 퍼지고 있다. 누가 틀렸는지보다 정확한 기준을 먼저 적는다.,"출근 후 사무실 자리에서 오해 정정 상황을 마주하고, 누가 틀렸는지보다 정확한 기준을 먼저 적는다 장면.",일단 지금 보이는 것부터 정리하자. 잘못 전달된 내용이 조용히 퍼지고 있다,오해 정정 지금은 누가 틀렸는지보다 정확한 기준을 먼저 적는다,분위기를 상하게 하지 않으며 방향을 바로잡는다,"[""work"", ""communication"", ""office""]",ordinary,0,"[-3, -1]","[-5, 1]","[12, 22]",False
company_communication_10,출시 안내 준비,communication,공지/내부 커뮤니케이션,새 기능이나 결과물을 알릴 시간이 왔다. 무엇이 바뀌고 누가 영향을 받는지 정리한다.,"출근 후 사무실 자리에서 출시 안내 준비 상황을 마주하고, 무엇이 바뀌고 누가 영향을 받는지 정리한다 장면.",일단 지금 보이는 것부터 정리하자. 새 기능이나 결과물을 알릴 시간이 왔다,출시 안내 준비 지금은 무엇이 바뀌고 누가 영향을 받는지 정리한다,작은 출시라도 제대로 알려야 쓰이기 시작한다,"[""work"", ""communication"", ""office""]",ordinary,0,"[-3, -1]","[-5, 1]","[12, 22]",False
company_office_routine_01,회의실 예약 충돌,office_routine,사무실 생활 루틴,예약한 회의실에 다른 팀도 들어오려 한다. 예약 시간과 참석 인원을 확인해 대안을 찾는다.,"출근 후 사무실 자리에서 회의실 예약 충돌 상황을 마주하고, 예약 시간과 참석 인원을 확인해 대안을 찾는다 장면.","좋아, 오늘은 차분하게 가자. 예약한 회의실에 다른 팀도 들어오려 한다",회의실 예약 충돌 지금은 예약 시간과 참석 인원을 확인해 대안을 찾는다,회의 시작 전 작은 혼선을 정리한다,"[""work"", ""office"", ""routine""]",calm,0,"[-2, 0]","[-5, 1]","[12, 22]",False
company_office_routine_02,공용 장비 상태 확인,office_routine,사무실 생활 루틴,프린터와 스캐너가 필요한 날인데 상태가 불안하다. 소모품과 오류 표시를 미리 확인한다.,"출근 후 사무실 자리에서 공용 장비 상태 확인 상황을 마주하고, 소모품과 오류 표시를 미리 확인한다 장면.","좋아, 오늘은 차분하게 가자. 프린터와 스캐너가 필요한 날인데 상태가 불안하다",공용 장비 상태 확인 지금은 소모품과 오류 표시를 미리 확인한다,필요할 때 멈추지 않도록 먼저 손봐둔다,"[""work"", ""office"", ""routine""]",calm,0,"[-2, 0]","[-5, 1]","[12, 22]",False
company_office_routine_03,자리 이동 안내,office_routine,사무실 생활 루틴,좌석 변경으로 오늘부터 앉는 위치가 달라졌다. 필요한 장비와 전원 위치를 다시 맞춘다.,"출근 후 사무실 자리에서 자리 이동 안내 상황을 마주하고, 필요한 장비와 전원 위치를 다시 맞춘다 장면.","좋아, 오늘은 차분하게 가자. 좌석 변경으로 오늘부터 앉는 위치가 달라졌다",자리 이동 안내 지금은 필요한 장비와 전원 위치를 다시 맞춘다,낯선 자리도 일할 수 있는 공간으로 바뀐다,"[""work"", ""office"", ""routine""]",calm,0,"[-2, 0]","[-5, 1]","[12, 22]",False
company_office_routine_04,비품 요청 정리,office_routine,사무실 생활 루틴,사무용품이 부족하다는 말이 여기저기서 나온다. 정말 필요한 수량과 우선순위를 모아 요청한다.,"출근 후 사무실 자리에서 비품 요청 정리 상황을 마주하고, 정말 필요한 수량과 우선순위를 모아 요청한다 장면.","좋아, 오늘은 차분하게 가자. 사무용품이 부족하다는 말이 여기저기서 나온다",비품 요청 정리 지금은 정말 필요한 수량과 우선순위를 모아 요청한다,작은 불편들이 한 번에 정리된다,"[""work"", ""office"", ""routine""]",calm,0,"[-2, 0]","[-5, 1]","[12, 22]",False
company_office_routine_05,프린터 오류 대응,office_routine,사무실 생활 루틴,출력물이 필요한데 프린터가 오류를 띄운다. 대기열과 용지 걸림을 확인하고 재시도한다.,"출근 후 사무실 자리에서 프린터 오류 대응 상황을 마주하고, 대기열과 용지 걸림을 확인하고 재시도한다 장면.","좋아, 오늘은 차분하게 가자. 출력물이 필요한데 프린터가 오류를 띄운다",프린터 오류 대응 지금은 대기열과 용지 걸림을 확인하고 재시도한다,기계와 씨름한 끝에 필요한 서류가 나온다,"[""work"", ""office"", ""routine""]",calm,0,"[-2, 0]","[-5, 1]","[12, 22]",False
company_office_routine_06,조용한 구역 조정,office_routine,사무실 생활 루틴,집중 구역에서 통화 소리가 길게 이어진다. 불편함을 키우기 전에 부드럽게 기준을 다시 알린다.,"출근 후 사무실 자리에서 조용한 구역 조정 상황을 마주하고, 불편함을 키우기 전에 부드럽게 기준을 다시 알린다 장면.","좋아, 오늘은 차분하게 가자. 집중 구역에서 통화 소리가 길게 이어진다",조용한 구역 조정 지금은 불편함을 키우기 전에 부드럽게 기준을 다시 알린다,공간의 리듬이 조금 진정된다,"[""work"", ""office"", ""routine""]",calm,0,"[-2, 0]","[-5, 1]","[12, 22]",False
company_office_routine_07,택배/우편 수령,office_routine,사무실 생활 루틴,업무용 택배가 도착했지만 담당자가 자리에 없다. 수령 기록과 보관 위치를 남겨둔다.,"출근 후 사무실 자리에서 택배/우편 수령 상황을 마주하고, 수령 기록과 보관 위치를 남겨둔다 장면.","좋아, 오늘은 차분하게 가자. 업무용 택배가 도착했지만 담당자가 자리에 없다",택배/우편 수령 지금은 수령 기록과 보관 위치를 남겨둔다,작은 물건도 흐름을 잃지 않게 처리한다,"[""work"", ""office"", ""routine""]",calm,0,"[-2, 0]","[-5, 1]","[12, 22]",False
company_office_routine_08,방문자 준비,office_routine,사무실 생활 루틴,"외부 방문자가 곧 도착한다. 출입 절차와 회의실, 안내 자료를 미리 확인한다.","출근 후 사무실 자리에서 방문자 준비 상황을 마주하고, 출입 절차와 회의실, 안내 자료를 미리 확인한다 장면.","좋아, 오늘은 차분하게 가자. 외부 방문자가 곧 도착한다","방문자 준비 지금은 출입 절차와 회의실, 안내 자료를 미리 확인한다",첫인상이 업무의 일부라는 걸 다시 느낀다,"[""work"", ""office"", ""routine""]",calm,0,"[-2, 0]","[-5, 1]","[12, 22]",False
company_office_routine_09,책상 환경 조정,office_routine,사무실 생활 루틴,오래 앉아 있으니 모니터 높이와 의자가 거슬린다. 자세가 덜 무너지게 책상 주변을 조금 조정한다.,"출근 후 사무실 자리에서 책상 환경 조정 상황을 마주하고, 자세가 덜 무너지게 책상 주변을 조금 조정한다 장면.","좋아, 오늘은 차분하게 가자. 오래 앉아 있으니 모니터 높이와 의자가 거슬린다",책상 환경 조정 지금은 자세가 덜 무너지게 책상 주변을 조금 조정한다,몸이 덜 피곤해야 일도 오래 간다,"[""work"", ""office"", ""routine""]",calm,0,"[-2, 0]","[-5, 1]","[12, 22]",False
company_office_routine_10,공용 공간 정리,office_routine,사무실 생활 루틴,탕비실과 공용 테이블이 조금 어수선하다. 다음 사람이 바로 쓸 수 있게 눈에 띄는 것만 정리한다.,"출근 후 사무실 자리에서 공용 공간 정리 상황을 마주하고, 다음 사람이 바로 쓸 수 있게 눈에 띄는 것만 정리한다 장면.","좋아, 오늘은 차분하게 가자. 탕비실과 공용 테이블이 조금 어수선하다",공용 공간 정리 지금은 다음 사람이 바로 쓸 수 있게 눈에 띄는 것만 정리한다,사무실의 작은 질서가 다시 돌아온다,"[""work"", ""office"", ""routine""]",calm,0,"[-2, 0]","[-5, 1]","[12, 22]",False
company_focus_01,깊은 분석 시간,focus,집중 업무,복잡한 문제를 제대로 보려면 긴 집중 시간이 필요하다. 알림을 줄이고 가설과 확인 순서를 적는다.,"출근 후 사무실 자리에서 깊은 분석 시간 상황을 마주하고, 알림을 줄이고 가설과 확인 순서를 적는다 장면.",집중해서 한 번에 흐름을 잡자. 복잡한 문제를 제대로 보려면 긴 집중 시간이 필요하다,깊은 분석 시간 지금은 알림을 줄이고 가설과 확인 순서를 적는다,조금 느리지만 생각이 깊게 들어가기 시작한다,"[""work"", ""focus"", ""deep_work""]",focused,0,"[-3, -1]","[-5, 1]","[14, 24]",False
company_focus_02,어려운 초안 시작,focus,집중 업무,중요한 초안의 첫 문장이 계속 막힌다. 완벽한 문장 대신 구조부터 적어 내려간다.,"출근 후 사무실 자리에서 어려운 초안 시작 상황을 마주하고, 완벽한 문장 대신 구조부터 적어 내려간다 장면.",집중해서 한 번에 흐름을 잡자. 중요한 초안의 첫 문장이 계속 막힌다,어려운 초안 시작 지금은 완벽한 문장 대신 구조부터 적어 내려간다,첫 문단이 생기자 문서가 더는 빈 화면이 아니다,"[""work"", ""focus"", ""deep_work""]",focused,0,"[-3, -1]","[-5, 1]","[14, 24]",False
company_focus_03,판단 메모 작성,focus,집중 업무,선택지는 여러 개인데 결정 기준이 흐릿하다. 장단점과 되돌리기 어려운 조건을 나눠 적는다.,"출근 후 사무실 자리에서 판단 메모 작성 상황을 마주하고, 장단점과 되돌리기 어려운 조건을 나눠 적는다 장면.",집중해서 한 번에 흐름을 잡자. 선택지는 여러 개인데 결정 기준이 흐릿하다,판단 메모 작성 지금은 장단점과 되돌리기 어려운 조건을 나눠 적는다,결정이 감이 아니라 근거 위에 올라간다,"[""work"", ""focus"", ""deep_work""]",focused,0,"[-3, -1]","[-5, 1]","[14, 24]",False
company_focus_04,문제 분해,focus,집중 업무,한 덩어리로 보면 너무 큰 문제가 앞에 놓여 있다. 원인 후보와 확인 방법을 작은 조각으로 나눈다.,"출근 후 사무실 자리에서 문제 분해 상황을 마주하고, 원인 후보와 확인 방법을 작은 조각으로 나눈다 장면.",집중해서 한 번에 흐름을 잡자. 한 덩어리로 보면 너무 큰 문제가 앞에 놓여 있다,문제 분해 지금은 원인 후보와 확인 방법을 작은 조각으로 나눈다,막막함이 할 수 있는 실험들로 바뀐다,"[""work"", ""focus"", ""deep_work""]",focused,0,"[-3, -1]","[-5, 1]","[14, 24]",False
company_focus_05,방해 후 재집중,focus,집중 업무,중간중간 끊긴 탓에 어디까지 했는지 잊었다. 마지막 메모를 다시 읽고 이어갈 지점을 찾는다.,"출근 후 사무실 자리에서 방해 후 재집중 상황을 마주하고, 마지막 메모를 다시 읽고 이어갈 지점을 찾는다 장면.",집중해서 한 번에 흐름을 잡자. 중간중간 끊긴 탓에 어디까지 했는지 잊었다,방해 후 재집중 지금은 마지막 메모를 다시 읽고 이어갈 지점을 찾는다,흐름을 완전히 잃기 전에 다시 붙잡는다,"[""work"", ""focus"", ""deep_work""]",focused,0,"[-3, -1]","[-5, 1]","[14, 24]",False
company_focus_06,핵심 질문 찾기,focus,집중 업무,자료는 많은데 무엇을 답해야 하는지 애매하다. 결정에 필요한 질문 하나를 맨 위에 적는다.,"출근 후 사무실 자리에서 핵심 질문 찾기 상황을 마주하고, 결정에 필요한 질문 하나를 맨 위에 적는다 장면.",집중해서 한 번에 흐름을 잡자. 자료는 많은데 무엇을 답해야 하는지 애매하다,핵심 질문 찾기 지금은 결정에 필요한 질문 하나를 맨 위에 적는다,자료가 질문을 향해 정렬되기 시작한다,"[""work"", ""focus"", ""deep_work""]",focused,0,"[-3, -1]","[-5, 1]","[14, 24]",False
company_focus_07,실험 계획 세우기,focus,집중 업무,바로 결론을 내리기엔 확인할 것이 남아 있다. 작은 실험과 성공 기준을 먼저 정한다.,"출근 후 사무실 자리에서 실험 계획 세우기 상황을 마주하고, 작은 실험과 성공 기준을 먼저 정한다 장면.",집중해서 한 번에 흐름을 잡자. 바로 결론을 내리기엔 확인할 것이 남아 있다,실험 계획 세우기 지금은 작은 실험과 성공 기준을 먼저 정한다,틀려도 배울 수 있는 방식으로 일을 시작한다,"[""work"", ""focus"", ""deep_work""]",focused,0,"[-3, -1]","[-5, 1]","[14, 24]",False
company_focus_08,대안 비교,focus,집중 업무,"비슷해 보이는 선택지들이 각자 다른 비용을 가진다. 시간과 리스크, 효과를 같은 기준으로 비교한다.","출근 후 사무실 자리에서 대안 비교 상황을 마주하고, 시간과 리스크, 효과를 같은 기준으로 비교한다 장면.",집중해서 한 번에 흐름을 잡자. 비슷해 보이는 선택지들이 각자 다른 비용을 가진다,"대안 비교 지금은 시간과 리스크, 효과를 같은 기준으로 비교한다",가장 그럴듯한 선택지가 조금씩 드러난다,"[""work"", ""focus"", ""deep_work""]",focused,0,"[-3, -1]","[-5, 1]","[14, 24]",False
company_focus_09,최종 종합,focus,집중 업무,흩어진 메모와 결과를 하나로 묶어야 한다. 중복을 덜고 결론으로 이어지는 흐름을 만든다.,"출근 후 사무실 자리에서 최종 종합 상황을 마주하고, 중복을 덜고 결론으로 이어지는 흐름을 만든다 장면.",집중해서 한 번에 흐름을 잡자. 흩어진 메모와 결과를 하나로 묶어야 한다,최종 종합 지금은 중복을 덜고 결론으로 이어지는 흐름을 만든다,긴 작업이 읽을 수 있는 결과물로 접힌다,"[""work"", ""focus"", ""deep_work""]",focused,0,"[-3, -1]","[-5, 1]","[14, 24]",False
company_focus_10,집중 마무리,focus,집중 업무,오래 붙잡은 일이 끝날 듯 끝나지 않는다. 오늘 닫을 범위와 다음에 볼 범위를 나눈다.,"출근 후 사무실 자리에서 집중 마무리 상황을 마주하고, 오늘 닫을 범위와 다음에 볼 범위를 나눈다 장면.",집중해서 한 번에 흐름을 잡자. 오래 붙잡은 일이 끝날 듯 끝나지 않는다,집중 마무리 지금은 오늘 닫을 범위와 다음에 볼 범위를 나눈다,끝맺음을 정하자 집중의 출구가 보인다,"[""work"", ""focus"", ""deep_work""]",focused,0,"[-3, -1]","[-5, 1]","[14, 24]",False
company_low_intensity_01,차분한 백로그 정리,low_intensity,느슨한 근무일,오늘은 큰 불이 없어서 밀린 목록을 볼 수 있다. 오래된 항목을 닫고 아직 유효한 일만 남긴다.,"출근 후 사무실 자리에서 차분한 백로그 정리 상황을 마주하고, 오래된 항목을 닫고 아직 유효한 일만 남긴다 장면.","좋아, 오늘은 차분하게 가자. 오늘은 큰 불이 없어서 밀린 목록을 볼 수 있다",차분한 백로그 정리 지금은 오래된 항목을 닫고 아직 유효한 일만 남긴다,조용한 날의 장점을 제대로 쓴다,"[""work"", ""calm"", ""routine""]",calm,0,"[-2, 0]","[-1, 4]","[8, 16]",False
company_low_intensity_02,자료 아카이브,low_intensity,느슨한 근무일,끝난 프로젝트 자료가 여기저기 남아 있다. 나중에 찾을 기준으로 폴더와 이름을 맞춘다.,"출근 후 사무실 자리에서 자료 아카이브 상황을 마주하고, 나중에 찾을 기준으로 폴더와 이름을 맞춘다 장면.","좋아, 오늘은 차분하게 가자. 끝난 프로젝트 자료가 여기저기 남아 있다",자료 아카이브 지금은 나중에 찾을 기준으로 폴더와 이름을 맞춘다,마무리된 일이 제자리를 찾아간다,"[""work"", ""calm"", ""routine""]",calm,0,"[-2, 0]","[-1, 4]","[8, 16]",False
company_low_intensity_03,읽을거리 소화,low_intensity,느슨한 근무일,언젠가 읽어야지 했던 문서들이 쌓여 있다. 업무와 연결되는 부분만 골라 표시한다.,"출근 후 사무실 자리에서 읽을거리 소화 상황을 마주하고, 업무와 연결되는 부분만 골라 표시한다 장면.","좋아, 오늘은 차분하게 가자. 언젠가 읽어야지 했던 문서들이 쌓여 있다",읽을거리 소화 지금은 업무와 연결되는 부분만 골라 표시한다,읽기만 했는데도 다음 판단이 조금 선명해진다,"[""work"", ""calm"", ""routine""]",calm,0,"[-2, 0]","[-1, 4]","[8, 16]",False
company_low_intensity_04,작은 개선 처리,low_intensity,느슨한 근무일,큰 티는 안 나지만 불편했던 부분이 하나 있다. 반복되는 불편을 줄일 만큼만 손본다.,"출근 후 사무실 자리에서 작은 개선 처리 상황을 마주하고, 반복되는 불편을 줄일 만큼만 손본다 장면.","좋아, 오늘은 차분하게 가자. 큰 티는 안 나지만 불편했던 부분이 하나 있다",작은 개선 처리 지금은 반복되는 불편을 줄일 만큼만 손본다,오늘의 조용한 성과로 남겨둔다,"[""work"", ""calm"", ""routine""]",calm,0,"[-2, 0]","[-1, 4]","[8, 16]",False
company_low_intensity_05,템플릿 다듬기,low_intensity,느슨한 근무일,자주 쓰는 양식이 매번 조금씩 아쉽다. 필수 항목과 예시 문장을 보강한다.,"출근 후 사무실 자리에서 템플릿 다듬기 상황을 마주하고, 필수 항목과 예시 문장을 보강한다 장면.","좋아, 오늘은 차분하게 가자. 자주 쓰는 양식이 매번 조금씩 아쉽다",템플릿 다듬기 지금은 필수 항목과 예시 문장을 보강한다,다음 번 시작 시간이 짧아질 것 같다,"[""work"", ""calm"", ""routine""]",calm,0,"[-2, 0]","[-1, 4]","[8, 16]",False
company_low_intensity_06,다음 주 준비,low_intensity,느슨한 근무일,이번 주 일이 잠깐 잦아든 틈이 생겼다. 다음 주 마감과 필요한 자료를 미리 펼쳐본다.,"출근 후 사무실 자리에서 다음 주 준비 상황을 마주하고, 다음 주 마감과 필요한 자료를 미리 펼쳐본다 장면.","좋아, 오늘은 차분하게 가자. 이번 주 일이 잠깐 잦아든 틈이 생겼다",다음 주 준비 지금은 다음 주 마감과 필요한 자료를 미리 펼쳐본다,미래의 바쁨을 조금 앞당겨 덜어낸다,"[""work"", ""calm"", ""routine""]",calm,0,"[-2, 0]","[-1, 4]","[8, 16]",False
company_low_intensity_07,낮은 우선순위 요청,low_intensity,느슨한 근무일,급하지 않아서 밀린 요청이 조용히 남아 있다. 지금 처리해도 되는 만큼만 정리해 답한다.,"출근 후 사무실 자리에서 낮은 우선순위 요청 상황을 마주하고, 지금 처리해도 되는 만큼만 정리해 답한다 장면.","좋아, 오늘은 차분하게 가자. 급하지 않아서 밀린 요청이 조용히 남아 있다",낮은 우선순위 요청 지금은 지금 처리해도 되는 만큼만 정리해 답한다,작은 빚 하나가 목록에서 사라진다,"[""work"", ""calm"", ""routine""]",calm,0,"[-2, 0]","[-1, 4]","[8, 16]",False
company_low_intensity_08,루틴 보고 업데이트,low_intensity,느슨한 근무일,크게 변한 건 없지만 정기 보고는 필요하다. 변동 없음과 주의할 점을 짧게 기록한다.,"출근 후 사무실 자리에서 루틴 보고 업데이트 상황을 마주하고, 변동 없음과 주의할 점을 짧게 기록한다 장면.","좋아, 오늘은 차분하게 가자. 크게 변한 건 없지만 정기 보고는 필요하다",루틴 보고 업데이트 지금은 변동 없음과 주의할 점을 짧게 기록한다,평온한 상태도 기록해두면 기준이 된다,"[""work"", ""calm"", ""routine""]",calm,0,"[-2, 0]","[-1, 4]","[8, 16]",False
company_low_intensity_09,캘린더 숨통 만들기,low_intensity,느슨한 근무일,다음 며칠 일정이 조금 답답해 보인다. 옮길 수 있는 일과 꼭 지킬 일을 나눈다.,"출근 후 사무실 자리에서 캘린더 숨통 만들기 상황을 마주하고, 옮길 수 있는 일과 꼭 지킬 일을 나눈다 장면.","좋아, 오늘은 차분하게 가자. 다음 며칠 일정이 조금 답답해 보인다",캘린더 숨통 만들기 지금은 옮길 수 있는 일과 꼭 지킬 일을 나눈다,한두 칸의 여유가 생기자 마음도 느슨해진다,"[""work"", ""calm"", ""routine""]",calm,0,"[-2, 0]","[-1, 4]","[8, 16]",False
company_low_intensity_10,가벼운 인수인계,low_intensity,느슨한 근무일,작은 업무라도 이어받을 사람이 알아야 한다. 현재 상태와 참고 링크를 짧게 남긴다.,"출근 후 사무실 자리에서 가벼운 인수인계 상황을 마주하고, 현재 상태와 참고 링크를 짧게 남긴다 장면.","좋아, 오늘은 차분하게 가자. 작은 업무라도 이어받을 사람이 알아야 한다",가벼운 인수인계 지금은 현재 상태와 참고 링크를 짧게 남긴다,대단한 일은 아니어도 끊기지 않게 넘긴다,"[""work"", ""calm"", ""routine""]",calm,0,"[-2, 0]","[-1, 4]","[8, 16]",False
company_high_intensity_01,마감 직전 압축,high_intensity,바쁜 근무일,마감 시간이 가까워지며 남은 일이 한꺼번에 보인다. 완성에 꼭 필요한 것과 포기할 것을 빠르게 나눈다.,"출근 후 사무실 자리에서 마감 직전 압축 상황을 마주하고, 완성에 꼭 필요한 것과 포기할 것을 빠르게 나눈다 장면.",급해 보여도 순서부터 잡아야 해. 마감 시간이 가까워지며 남은 일이 한꺼번에 보인다,마감 직전 압축 지금은 완성에 꼭 필요한 것과 포기할 것을 빠르게 나눈다,완벽함 대신 제출 가능한 선을 잡는다,"[""work"", ""fatigue"", ""high_intensity""]",tense,0,"[-5, -2]","[-9, -3]","[18, 28]",False
company_high_intensity_02,긴급 이슈 대응,high_intensity,바쁜 근무일,예상 못 한 문제가 오전 업무를 밀어낸다. 영향 범위와 임시 조치를 먼저 확인한다.,"출근 후 사무실 자리에서 긴급 이슈 대응 상황을 마주하고, 영향 범위와 임시 조치를 먼저 확인한다 장면.",급해 보여도 순서부터 잡아야 해. 예상 못 한 문제가 오전 업무를 밀어낸다,긴급 이슈 대응 지금은 영향 범위와 임시 조치를 먼저 확인한다,불을 끄는 동안에도 기록을 남긴다,"[""work"", ""fatigue"", ""high_intensity""]",tense,0,"[-5, -2]","[-9, -3]","[18, 28]",False
company_high_intensity_03,회의 연속 버티기,high_intensity,바쁜 근무일,회의가 끝나자마자 다음 회의 알림이 뜬다. 각 회의에서 가져갈 결정 사항만 빠르게 추린다.,"출근 후 사무실 자리에서 회의 연속 버티기 상황을 마주하고, 각 회의에서 가져갈 결정 사항만 빠르게 추린다 장면.",급해 보여도 순서부터 잡아야 해. 회의가 끝나자마자 다음 회의 알림이 뜬다,회의 연속 버티기 지금은 각 회의에서 가져갈 결정 사항만 빠르게 추린다,말보다 듣는 에너지를 조절하며 버틴다,"[""work"", ""fatigue"", ""high_intensity""]",tense,0,"[-5, -2]","[-9, -3]","[18, 28]",False
company_high_intensity_04,마지막 변경 반영,high_intensity,바쁜 근무일,거의 끝난 작업에 마지막 변경 요청이 들어왔다. 변경의 영향과 위험을 확인하고 반영 범위를 정한다.,"출근 후 사무실 자리에서 마지막 변경 반영 상황을 마주하고, 변경의 영향과 위험을 확인하고 반영 범위를 정한다 장면.",급해 보여도 순서부터 잡아야 해. 거의 끝난 작업에 마지막 변경 요청이 들어왔다,마지막 변경 반영 지금은 변경의 영향과 위험을 확인하고 반영 범위를 정한다,다시 흔들린 결과물을 간신히 붙잡는다,"[""work"", ""fatigue"", ""high_intensity""]",tense,0,"[-5, -2]","[-9, -3]","[18, 28]",False
company_high_intensity_05,상사 긴급 요청,high_intensity,바쁜 근무일,상사가 오늘 안에 볼 자료를 갑자기 요청한다. 기존 업무 중 무엇을 미뤄야 하는지 먼저 판단한다.,"출근 후 사무실 자리에서 상사 긴급 요청 상황을 마주하고, 기존 업무 중 무엇을 미뤄야 하는지 먼저 판단한다 장면.",급해 보여도 순서부터 잡아야 해. 상사가 오늘 안에 볼 자료를 갑자기 요청한다,상사 긴급 요청 지금은 기존 업무 중 무엇을 미뤄야 하는지 먼저 판단한다,급한 자료라도 근거 없는 말은 빼고 보낸다,"[""work"", ""fatigue"", ""high_intensity""]",tense,0,"[-5, -2]","[-9, -3]","[18, 28]",False
company_high_intensity_06,다중 알림 처리,high_intensity,바쁜 근무일,"메일과 메신저, 전화가 동시에 업무를 잡아당긴다. 응답 순서를 정하고 하나씩 닫아간다.","출근 후 사무실 자리에서 다중 알림 처리 상황을 마주하고, 응답 순서를 정하고 하나씩 닫아간다 장면.","급해 보여도 순서부터 잡아야 해. 메일과 메신저, 전화가 동시에 업무를 잡아당긴다",다중 알림 처리 지금은 응답 순서를 정하고 하나씩 닫아간다,모든 걸 동시에 하지 않기로 마음먹는다,"[""work"", ""fatigue"", ""high_intensity""]",tense,0,"[-5, -2]","[-9, -3]","[18, 28]",False
company_high_intensity_07,불확실한 결정,high_intensity,바쁜 근무일,정보가 부족한데도 지금 결정해야 하는 순간이 왔다. 알고 있는 사실과 가정을 나눠 메모한다.,"출근 후 사무실 자리에서 불확실한 결정 상황을 마주하고, 알고 있는 사실과 가정을 나눠 메모한다 장면.",급해 보여도 순서부터 잡아야 해. 정보가 부족한데도 지금 결정해야 하는 순간이 왔다,불확실한 결정 지금은 알고 있는 사실과 가정을 나눠 메모한다,틀릴 가능성까지 포함해 결정을 공유한다,"[""work"", ""fatigue"", ""high_intensity""]",tense,0,"[-5, -2]","[-9, -3]","[18, 28]",False
company_high_intensity_08,초과근무 위험,high_intensity,바쁜 근무일,이 속도라면 오늘 일이 퇴근 시간을 넘어갈 것 같다. 오늘 끝낼 일과 내일 넘길 일을 냉정하게 나눈다.,"출근 후 사무실 자리에서 초과근무 위험 상황을 마주하고, 오늘 끝낼 일과 내일 넘길 일을 냉정하게 나눈다 장면.",급해 보여도 순서부터 잡아야 해. 이 속도라면 오늘 일이 퇴근 시간을 넘어갈 것 같다,초과근무 위험 지금은 오늘 끝낼 일과 내일 넘길 일을 냉정하게 나눈다,무리한 약속을 줄여 피로를 덜어낸다,"[""work"", ""fatigue"", ""high_intensity""]",tense,0,"[-5, -2]","[-9, -3]","[18, 28]",False
company_high_intensity_09,압박 속 품질 유지,high_intensity,바쁜 근무일,빨리 끝내야 하지만 실수하면 더 오래 걸린다. 가장 위험한 부분만이라도 체크리스트로 확인한다.,"출근 후 사무실 자리에서 압박 속 품질 유지 상황을 마주하고, 가장 위험한 부분만이라도 체크리스트로 확인한다 장면.",급해 보여도 순서부터 잡아야 해. 빨리 끝내야 하지만 실수하면 더 오래 걸린다,압박 속 품질 유지 지금은 가장 위험한 부분만이라도 체크리스트로 확인한다,속도와 품질 사이에서 간신히 균형을 잡는다,"[""work"", ""fatigue"", ""high_intensity""]",tense,0,"[-5, -2]","[-9, -3]","[18, 28]",False
company_high_intensity_10,바쁜 하루 수습,high_intensity,바쁜 근무일,몰아친 하루가 끝나가지만 기록이 남지 않았다. 처리한 일과 남은 위험을 짧게 정리한다.,"출근 후 사무실 자리에서 바쁜 하루 수습 상황을 마주하고, 처리한 일과 남은 위험을 짧게 정리한다 장면.",급해 보여도 순서부터 잡아야 해. 몰아친 하루가 끝나가지만 기록이 남지 않았다,바쁜 하루 수습 지금은 처리한 일과 남은 위험을 짧게 정리한다,흩어진 하루를 내일 이어갈 수 있게 접어둔다,"[""work"", ""fatigue"", ""high_intensity""]",tense,0,"[-5, -2]","[-9, -3]","[18, 28]",False
