date,weekday,is_trading_day,reason,name
2016-07-02,Saturday,false,weekend,주말
2016-07-03,Sunday,false,weekend,주말
2016-07-09,Saturday,false,weekend,주말
2016-07-10,Sunday,false,weekend,주말
2016-07-16,Saturday,false,weekend,주말
2016-07-17,Sunday,false,weekend,주말
2016-07-23,Saturday,false,weekend,주말
2016-07-24,Sunday,false,weekend,주말
2016-07-30,Saturday,false,weekend,주말
2016-07-31,Sunday,false,weekend,주말
2016-08-06,Saturday,false,weekend,주말
2016-08-07,Sunday,false,weekend,주말
2016-08-13,Saturday,false,weekend,주말
2016-08-14,Sunday,false,weekend,주말
2016-08-15,Monday,false,holiday,광복절
2016-08-20,Saturday,false,weekend,주말
2016-08-21,Sunday,false,weekend,주말
2016-08-27,Saturday,false,weekend,주말
2016-08-28,Sunday,false,weekend,주말
2016-09-03,Saturday,false,weekend,주말
2016-09-04,Sunday,false,weekend,주말
2016-09-10,Saturday,false,weekend,주말
2016-09-11,Sunday,false,weekend,주말
2016-09-14,Wednesday,false,holiday,추석
2016-09-15,Thursday,false,holiday,추석
2016-09-16,Friday,false,holiday,추석
2016-09-17,Saturday,false,weekend,주말
2016-09-18,Sunday,false,weekend,주말
2016-09-24,Saturday,false,weekend,주말
2016-09-25,Sunday,false,weekend,주말
2016-10-01,Saturday,false,weekend,주말
2016-10-02,Sunday,false,weekend,주말
2016-10-03,Monday,false,holiday,개천절
2016-10-08,Saturday,false,weekend,주말
2016-10-09,Sunday,false,weekend,주말
2016-10-15,Saturday,false,weekend,주말
2016-10-16,Sunday,false,weekend,주말
2016-10-22,Saturday,false,weekend,주말
2016-10-23,Sunday,false,weekend,주말
2016-10-29,Saturday,false,weekend,주말
2016-10-30,Sunday,false,weekend,주말
2016-11-05,Saturday,false,weekend,주말
2016-11-06,Sunday,false,weekend,주말
2016-11-12,Saturday,false,weekend,주말
2016-11-13,Sunday,false,weekend,주말
2016-11-19,Saturday,false,weekend,주말
2016-11-20,Sunday,false,weekend,주말
2016-11-26,Saturday,false,weekend,주말
2016-11-27,Sunday,false,weekend,주말
2016-12-03,Saturday,false,weekend,주말
2016-12-04,Sunday,false,weekend,주말
2016-12-10,Saturday,false,weekend,주말
2016-12-11,Sunday,false,weekend,주말
2016-12-17,Saturday,false,weekend,주말
2016-12-18,Sunday,false,weekend,주말
2016-12-24,Saturday,false,weekend,주말
2016-12-25,Sunday,false,weekend,주말
2016-12-30,Friday,false,holiday,연말 증시 휴장일
2016-12-31,Saturday,false,weekend,주말
2017-01-01,Sunday,false,weekend,주말
2017-01-07,Saturday,false,weekend,주말
2017-01-08,Sunday,false,weekend,주말
2017-01-14,Saturday,false,weekend,주말
2017-01-15,Sunday,false,weekend,주말
2017-01-21,Saturday,false,weekend,주말
2017-01-22,Sunday,false,weekend,주말
2017-01-27,Friday,false,holiday,설날
2017-01-28,Saturday,false,weekend,주말
2017-01-29,Sunday,false,weekend,주말
2017-01-30,Monday,false,holiday,설날
2017-02-04,Saturday,false,weekend,주말
2017-02-05,Sunday,false,weekend,주말
2017-02-11,Saturday,false,weekend,주말
2017-02-12,Sunday,false,weekend,주말
2017-02-18,Saturday,false,weekend,주말
2017-02-19,Sunday,false,weekend,주말
2017-02-25,Saturday,false,weekend,주말
2017-02-26,Sunday,false,weekend,주말
2017-03-01,Wednesday,false,holiday,3·1절
2017-03-04,Saturday,false,weekend,주말
2017-03-05,Sunday,false,weekend,주말
2017-03-11,Saturday,false,weekend,주말
2017-03-12,Sunday,false,weekend,주말
2017-03-18,Saturday,false,weekend,주말
2017-03-19,Sunday,false,weekend,주말
2017-03-25,Saturday,false,weekend,주말
2017-03-26,Sunday,false,weekend,주말
2017-04-01,Saturday,false,weekend,주말
2017-04-02,Sunday,false,weekend,주말
2017-04-08,Saturday,false,weekend,주말
2017-04-09,Sunday,false,weekend,주말
2017-04-15,Saturday,false,weekend,주말
2017-04-16,Sunday,false,weekend,주말
2017-04-22,Saturday,false,weekend,주말
2017-04-23,Sunday,false,weekend,주말
2017-04-29,Saturday,false,weekend,주말
2017-04-30,Sunday,false,weekend,주말
2017-05-01,Monday,false,holiday,근로자의날
2017-05-03,Wednesday,false,holiday,부처님 오신 날
2017-05-05,Friday,false,holiday,어린이날
2017-05-06,Saturday,false,weekend,주말
2017-05-07,Sunday,false,weekend,주말
2017-05-09,Tuesday,false,holiday,제19대 대통령 선거일
2017-05-13,Saturday,false,weekend,주말
2017-05-14,Sunday,false,weekend,주말
2017-05-20,Saturday,false,weekend,주말
2017-05-21,Sunday,false,weekend,주말
2017-05-27,Saturday,false,weekend,주말
2017-05-28,Sunday,false,weekend,주말
2017-06-03,Saturday,false,weekend,주말
2017-06-04,Sunday,false,weekend,주말
2017-06-06,Tuesday,false,holiday,현충일
2017-06-10,Saturday,false,weekend,주말
2017-06-11,Sunday,false,weekend,주말
2017-06-17,Saturday,false,weekend,주말
2017-06-18,Sunday,false,weekend,주말
2017-06-24,Saturday,false,weekend,주말
2017-06-25,Sunday,false,weekend,주말
2017-07-01,Saturday,false,weekend,주말
2017-07-02,Sunday,false,weekend,주말
2017-07-08,Saturday,false,weekend,주말
2017-07-09,Sunday,false,weekend,주말
2017-07-15,Saturday,false,weekend,주말
2017-07-16,Sunday,false,weekend,주말
2017-07-22,Saturday,false,weekend,주말
2017-07-23,Sunday,false,weekend,주말
2017-07-29,Saturday,false,weekend,주말
2017-07-30,Sunday,false,weekend,주말
2017-08-05,Saturday,false,weekend,주말
2017-08-06,Sunday,false,weekend,주말
2017-08-12,Saturday,false,weekend,주말
2017-08-13,Sunday,false,weekend,주말
2017-08-15,Tuesday,false,holiday,광복절
2017-08-19,Saturday,false,weekend,주말
2017-08-20,Sunday,false,weekend,주말
2017-08-26,Saturday,false,weekend,주말
2017-08-27,Sunday,false,weekend,주말
2017-09-02,Saturday,false,weekend,주말
2017-09-03,Sunday,false,weekend,주말
2017-09-09,Saturday,false,weekend,주말
2017-09-10,Sunday,false,weekend,주말
2017-09-16,Saturday,false,weekend,주말
2017-09-17,Sunday,false,weekend,주말
2017-09-23,Saturday,false,weekend,주말
2017-09-24,Sunday,false,weekend,주말
2017-09-30,Saturday,false,weekend,주말
2017-10-01,Sunday,false,weekend,주말
2017-10-02,Monday,false,holiday,임시공휴일
2017-10-03,Tuesday,false,holiday,추석
2017-10-04,Wednesday,false,holiday,추석
2017-10-05,Thursday,false,holiday,추석
2017-10-06,Friday,false,holiday,대체공휴일
2017-10-07,Saturday,false,weekend,주말
2017-10-08,Sunday,false,weekend,주말
2017-10-09,Monday,false,holiday,한글날
2017-10-14,Saturday,false,weekend,주말
2017-10-15,Sunday,false,weekend,주말
2017-10-21,Saturday,false,weekend,주말
2017-10-22,Sunday,false,weekend,주말
2017-10-28,Saturday,false,weekend,주말
2017-10-29,Sunday,false,weekend,주말
2017-11-04,Saturday,false,weekend,주말
2017-11-05,Sunday,false,weekend,주말
2017-11-11,Saturday,false,weekend,주말
2017-11-12,Sunday,false,weekend,주말
2017-11-18,Saturday,false,weekend,주말
2017-11-19,Sunday,false,weekend,주말
2017-11-25,Saturday,false,weekend,주말
2017-11-26,Sunday,false,weekend,주말
2017-12-02,Saturday,false,weekend,주말
2017-12-03,Sunday,false,weekend,주말
2017-12-09,Saturday,false,weekend,주말
2017-12-10,Sunday,false,weekend,주말
2017-12-16,Saturday,false,weekend,주말
2017-12-17,Sunday,false,weekend,주말
2017-12-23,Saturday,false,weekend,주말
2017-12-24,Sunday,false,weekend,주말
2017-12-25,Monday,false,holiday,크리스마스
2017-12-29,Friday,false,holiday,연말 증시 휴장일
2017-12-30,Saturday,false,weekend,주말
2017-12-31,Sunday,false,weekend,주말
2018-01-01,Monday,false,holiday,새해
2018-01-06,Saturday,false,weekend,주말
2018-01-07,Sunday,false,weekend,주말
2018-01-13,Saturday,false,weekend,주말
2018-01-14,Sunday,false,weekend,주말
2018-01-20,Saturday,false,weekend,주말
2018-01-21,Sunday,false,weekend,주말
2018-01-27,Saturday,false,weekend,주말
2018-01-28,Sunday,false,weekend,주말
2018-02-03,Saturday,false,weekend,주말
2018-02-04,Sunday,false,weekend,주말
2018-02-10,Saturday,false,weekend,주말
2018-02-11,Sunday,false,weekend,주말
2018-02-15,Thursday,false,holiday,설날
2018-02-16,Friday,false,holiday,설날
2018-02-17,Saturday,false,weekend,주말
2018-02-18,Sunday,false,weekend,주말
2018-02-24,Saturday,false,weekend,주말
2018-02-25,Sunday,false,weekend,주말
2018-03-01,Thursday,false,holiday,3·1절
2018-03-03,Saturday,false,weekend,주말
2018-03-04,Sunday,false,weekend,주말
2018-03-10,Saturday,false,weekend,주말
2018-03-11,Sunday,false,weekend,주말
2018-03-17,Saturday,false,weekend,주말
2018-03-18,Sunday,false,weekend,주말
2018-03-24,Saturday,false,weekend,주말
2018-03-25,Sunday,false,weekend,주말
2018-03-31,Saturday,false,weekend,주말
2018-04-01,Sunday,false,weekend,주말
2018-04-07,Saturday,false,weekend,주말
2018-04-08,Sunday,false,weekend,주말
2018-04-14,Saturday,false,weekend,주말
2018-04-15,Sunday,false,weekend,주말
2018-04-21,Saturday,false,weekend,주말
2018-04-22,Sunday,false,weekend,주말
2018-04-28,Saturday,false,weekend,주말
2018-04-29,Sunday,false,weekend,주말
2018-05-01,Tuesday,false,holiday,근로자의날
2018-05-05,Saturday,false,weekend,주말
2018-05-06,Sunday,false,weekend,주말
2018-05-07,Monday,false,holiday,어린이날
2018-05-12,Saturday,false,weekend,주말
2018-05-13,Sunday,false,weekend,주말
2018-05-19,Saturday,false,weekend,주말
2018-05-20,Sunday,false,weekend,주말
2018-05-22,Tuesday,false,holiday,부처님 오신 날
2018-05-26,Saturday,false,weekend,주말
2018-05-27,Sunday,false,weekend,주말
2018-06-02,Saturday,false,weekend,주말
2018-06-03,Sunday,false,weekend,주말
2018-06-06,Wednesday,false,holiday,현충일
2018-06-09,Saturday,false,weekend,주말
2018-06-10,Sunday,false,weekend,주말
2018-06-13,Wednesday,false,holiday,제7회 지방선거일
2018-06-16,Saturday,false,weekend,주말
2018-06-17,Sunday,false,weekend,주말
2018-06-23,Saturday,false,weekend,주말
2018-06-24,Sunday,false,weekend,주말
2018-06-30,Saturday,false,weekend,주말
2018-07-01,Sunday,false,weekend,주말
2018-07-07,Saturday,false,weekend,주말
2018-07-08,Sunday,false,weekend,주말
2018-07-14,Saturday,false,weekend,주말
2018-07-15,Sunday,false,weekend,주말
2018-07-21,Saturday,false,weekend,주말
2018-07-22,Sunday,false,weekend,주말
2018-07-28,Saturday,false,weekend,주말
2018-07-29,Sunday,false,weekend,주말
2018-08-04,Saturday,false,weekend,주말
2018-08-05,Sunday,false,weekend,주말
2018-08-11,Saturday,false,weekend,주말
2018-08-12,Sunday,false,weekend,주말
2018-08-15,Wednesday,false,holiday,광복절
2018-08-18,Saturday,false,weekend,주말
2018-08-19,Sunday,false,weekend,주말
2018-08-25,Saturday,false,weekend,주말
2018-08-26,Sunday,false,weekend,주말
2018-09-01,Saturday,false,weekend,주말
2018-09-02,Sunday,false,weekend,주말
2018-09-08,Saturday,false,weekend,주말
2018-09-09,Sunday,false,weekend,주말
2018-09-15,Saturday,false,weekend,주말
2018-09-16,Sunday,false,weekend,주말
2018-09-22,Saturday,false,weekend,주말
2018-09-23,Sunday,false,weekend,주말
2018-09-24,Monday,false,holiday,추석
2018-09-25,Tuesday,false,holiday,추석
2018-09-26,Wednesday,false,holiday,추석
2018-09-29,Saturday,false,weekend,주말
2018-09-30,Sunday,false,weekend,주말
2018-10-03,Wednesday,false,holiday,개천절
2018-10-06,Saturday,false,weekend,주말
2018-10-07,Sunday,false,weekend,주말
2018-10-09,Tuesday,false,holiday,한글날
2018-10-13,Saturday,false,weekend,주말
2018-10-14,Sunday,false,weekend,주말
2018-10-20,Saturday,false,weekend,주말
2018-10-21,Sunday,false,weekend,주말
2018-10-27,Saturday,false,weekend,주말
2018-10-28,Sunday,false,weekend,주말
2018-11-03,Saturday,false,weekend,주말
2018-11-04,Sunday,false,weekend,주말
2018-11-10,Saturday,false,weekend,주말
2018-11-11,Sunday,false,weekend,주말
2018-11-17,Saturday,false,weekend,주말
2018-11-18,Sunday,false,weekend,주말
2018-11-24,Saturday,false,weekend,주말
2018-11-25,Sunday,false,weekend,주말
2018-12-01,Saturday,false,weekend,주말
2018-12-02,Sunday,false,weekend,주말
2018-12-08,Saturday,false,weekend,주말
2018-12-09,Sunday,false,weekend,주말
2018-12-15,Saturday,false,weekend,주말
2018-12-16,Sunday,false,weekend,주말
2018-12-22,Saturday,false,weekend,주말
2018-12-23,Sunday,false,weekend,주말
2018-12-25,Tuesday,false,holiday,크리스마스
2018-12-29,Saturday,false,weekend,주말
2018-12-30,Sunday,false,weekend,주말
2018-12-31,Monday,false,holiday,연말 증시 휴장일
2019-01-01,Tuesday,false,holiday,새해
2019-01-05,Saturday,false,weekend,주말
2019-01-06,Sunday,false,weekend,주말
2019-01-12,Saturday,false,weekend,주말
2019-01-13,Sunday,false,weekend,주말
2019-01-19,Saturday,false,weekend,주말
2019-01-20,Sunday,false,weekend,주말
2019-01-26,Saturday,false,weekend,주말
2019-01-27,Sunday,false,weekend,주말
2019-02-02,Saturday,false,weekend,주말
2019-02-03,Sunday,false,weekend,주말
2019-02-04,Monday,false,holiday,설날
2019-02-05,Tuesday,false,holiday,설날
2019-02-06,Wednesday,false,holiday,설날
2019-02-09,Saturday,false,weekend,주말
2019-02-10,Sunday,false,weekend,주말
2019-02-16,Saturday,false,weekend,주말
2019-02-17,Sunday,false,weekend,주말
2019-02-23,Saturday,false,weekend,주말
2019-02-24,Sunday,false,weekend,주말
2019-03-01,Friday,false,holiday,3·1절
2019-03-02,Saturday,false,weekend,주말
2019-03-03,Sunday,false,weekend,주말
2019-03-09,Saturday,false,weekend,주말
2019-03-10,Sunday,false,weekend,주말
2019-03-16,Saturday,false,weekend,주말
2019-03-17,Sunday,false,weekend,주말
2019-03-23,Saturday,false,weekend,주말
2019-03-24,Sunday,false,weekend,주말
2019-03-30,Saturday,false,weekend,주말
2019-03-31,Sunday,false,weekend,주말
2019-04-06,Saturday,false,weekend,주말
2019-04-07,Sunday,false,weekend,주말
2019-04-13,Saturday,false,weekend,주말
2019-04-14,Sunday,false,weekend,주말
2019-04-20,Saturday,false,weekend,주말
2019-04-21,Sunday,false,weekend,주말
2019-04-27,Saturday,false,weekend,주말
2019-04-28,Sunday,false,weekend,주말
2019-05-01,Wednesday,false,holiday,근로자의날
2019-05-04,Saturday,false,weekend,주말
2019-05-05,Sunday,false,weekend,주말
2019-05-06,Monday,false,holiday,어린이날
2019-05-11,Saturday,false,weekend,주말
2019-05-12,Sunday,false,weekend,주말
2019-05-18,Saturday,false,weekend,주말
2019-05-19,Sunday,false,weekend,주말
2019-05-25,Saturday,false,weekend,주말
2019-05-26,Sunday,false,weekend,주말
2019-06-01,Saturday,false,weekend,주말
2019-06-02,Sunday,false,weekend,주말
2019-06-06,Thursday,false,holiday,현충일
2019-06-08,Saturday,false,weekend,주말
2019-06-09,Sunday,false,weekend,주말
2019-06-15,Saturday,false,weekend,주말
2019-06-16,Sunday,false,weekend,주말
2019-06-22,Saturday,false,weekend,주말
2019-06-23,Sunday,false,weekend,주말
2019-06-29,Saturday,false,weekend,주말
2019-06-30,Sunday,false,weekend,주말
2019-07-06,Saturday,false,weekend,주말
2019-07-07,Sunday,false,weekend,주말
2019-07-13,Saturday,false,weekend,주말
2019-07-14,Sunday,false,weekend,주말
2019-07-20,Saturday,false,weekend,주말
2019-07-21,Sunday,false,weekend,주말
2019-07-27,Saturday,false,weekend,주말
2019-07-28,Sunday,false,weekend,주말
2019-08-03,Saturday,false,weekend,주말
2019-08-04,Sunday,false,weekend,주말
2019-08-10,Saturday,false,weekend,주말
2019-08-11,Sunday,false,weekend,주말
2019-08-15,Thursday,false,holiday,광복절
2019-08-17,Saturday,false,weekend,주말
2019-08-18,Sunday,false,weekend,주말
2019-08-24,Saturday,false,weekend,주말
2019-08-25,Sunday,false,weekend,주말
2019-08-31,Saturday,false,weekend,주말
2019-09-01,Sunday,false,weekend,주말
2019-09-07,Saturday,false,weekend,주말
2019-09-08,Sunday,false,weekend,주말
2019-09-12,Thursday,false,holiday,추석
2019-09-13,Friday,false,holiday,추석
2019-09-14,Saturday,false,weekend,주말
2019-09-15,Sunday,false,weekend,주말
2019-09-21,Saturday,false,weekend,주말
2019-09-22,Sunday,false,weekend,주말
2019-09-28,Saturday,false,weekend,주말
2019-09-29,Sunday,false,weekend,주말
2019-10-03,Thursday,false,holiday,개천절
2019-10-05,Saturday,false,weekend,주말
2019-10-06,Sunday,false,weekend,주말
2019-10-09,Wednesday,false,holiday,한글날
2019-10-12,Saturday,false,weekend,주말
2019-10-13,Sunday,false,weekend,주말
2019-10-19,Saturday,false,weekend,주말
2019-10-20,Sunday,false,weekend,주말
2019-10-26,Saturday,false,weekend,주말
2019-10-27,Sunday,false,weekend,주말
2019-11-02,Saturday,false,weekend,주말
2019-11-03,Sunday,false,weekend,주말
2019-11-09,Saturday,false,weekend,주말
2019-11-10,Sunday,false,weekend,주말
2019-11-16,Saturday,false,weekend,주말
2019-11-17,Sunday,false,weekend,주말
2019-11-23,Saturday,false,weekend,주말
2019-11-24,Sunday,false,weekend,주말
2019-11-30,Saturday,false,weekend,주말
2019-12-01,Sunday,false,weekend,주말
2019-12-07,Saturday,false,weekend,주말
2019-12-08,Sunday,false,weekend,주말
2019-12-14,Saturday,false,weekend,주말
2019-12-15,Sunday,false,weekend,주말
2019-12-21,Saturday,false,weekend,주말
2019-12-22,Sunday,false,weekend,주말
2019-12-25,Wednesday,false,holiday,크리스마스
2019-12-28,Saturday,false,weekend,주말
2019-12-29,Sunday,false,weekend,주말
2019-12-31,Tuesday,false,holiday,연말 증시 휴장일
2020-01-01,Wednesday,false,holiday,새해
2020-01-04,Saturday,false,weekend,주말
2020-01-05,Sunday,false,weekend,주말
2020-01-11,Saturday,false,weekend,주말
2020-01-12,Sunday,false,weekend,주말
2020-01-18,Saturday,false,weekend,주말
2020-01-19,Sunday,false,weekend,주말
2020-01-24,Friday,false,holiday,설날
2020-01-25,Saturday,false,weekend,주말
2020-01-26,Sunday,false,weekend,주말
2020-01-27,Monday,false,holiday,설날
2020-02-01,Saturday,false,weekend,주말
2020-02-02,Sunday,false,weekend,주말
2020-02-08,Saturday,false,weekend,주말
2020-02-09,Sunday,false,weekend,주말
2020-02-15,Saturday,false,weekend,주말
2020-02-16,Sunday,false,weekend,주말
2020-02-22,Saturday,false,weekend,주말
2020-02-23,Sunday,false,weekend,주말
2020-02-29,Saturday,false,weekend,주말
2020-03-01,Sunday,false,weekend,주말
2020-03-07,Saturday,false,weekend,주말
2020-03-08,Sunday,false,weekend,주말
2020-03-14,Saturday,false,weekend,주말
2020-03-15,Sunday,false,weekend,주말
2020-03-21,Saturday,false,weekend,주말
2020-03-22,Sunday,false,weekend,주말
2020-03-28,Saturday,false,weekend,주말
2020-03-29,Sunday,false,weekend,주말
2020-04-04,Saturday,false,weekend,주말
2020-04-05,Sunday,false,weekend,주말
2020-04-11,Saturday,false,weekend,주말
2020-04-12,Sunday,false,weekend,주말
2020-04-15,Wednesday,false,holiday,제21대 국회의원 선거일
2020-04-18,Saturday,false,weekend,주말
2020-04-19,Sunday,false,weekend,주말
2020-04-25,Saturday,false,weekend,주말
2020-04-26,Sunday,false,weekend,주말
2020-04-30,Thursday,false,holiday,부처님 오신 날
2020-05-01,Friday,false,holiday,근로자의날
2020-05-02,Saturday,false,weekend,주말
2020-05-03,Sunday,false,weekend,주말
2020-05-05,Tuesday,false,holiday,어린이날
2020-05-09,Saturday,false,weekend,주말
2020-05-10,Sunday,false,weekend,주말
2020-05-16,Saturday,false,weekend,주말
2020-05-17,Sunday,false,weekend,주말
2020-05-23,Saturday,false,weekend,주말
2020-05-24,Sunday,false,weekend,주말
2020-05-30,Saturday,false,weekend,주말
2020-05-31,Sunday,false,weekend,주말
2020-06-06,Saturday,false,weekend,주말
2020-06-07,Sunday,false,weekend,주말
2020-06-13,Saturday,false,weekend,주말
2020-06-14,Sunday,false,weekend,주말
2020-06-20,Saturday,false,weekend,주말
2020-06-21,Sunday,false,weekend,주말
2020-06-27,Saturday,false,weekend,주말
2020-06-28,Sunday,false,weekend,주말
2020-07-04,Saturday,false,weekend,주말
2020-07-05,Sunday,false,weekend,주말
2020-07-11,Saturday,false,weekend,주말
2020-07-12,Sunday,false,weekend,주말
2020-07-18,Saturday,false,weekend,주말
2020-07-19,Sunday,false,weekend,주말
2020-07-25,Saturday,false,weekend,주말
2020-07-26,Sunday,false,weekend,주말
2020-08-01,Saturday,false,weekend,주말
2020-08-02,Sunday,false,weekend,주말
2020-08-08,Saturday,false,weekend,주말
2020-08-09,Sunday,false,weekend,주말
2020-08-15,Saturday,false,weekend,주말
2020-08-16,Sunday,false,weekend,주말
2020-08-17,Monday,false,holiday,임시공휴일
2020-08-22,Saturday,false,weekend,주말
2020-08-23,Sunday,false,weekend,주말
2020-08-29,Saturday,false,weekend,주말
2020-08-30,Sunday,false,weekend,주말
2020-09-05,Saturday,false,weekend,주말
2020-09-06,Sunday,false,weekend,주말
2020-09-12,Saturday,false,weekend,주말
2020-09-13,Sunday,false,weekend,주말
2020-09-19,Saturday,false,weekend,주말
2020-09-20,Sunday,false,weekend,주말
2020-09-26,Saturday,false,weekend,주말
2020-09-27,Sunday,false,weekend,주말
2020-09-30,Wednesday,false,holiday,추석
2020-10-01,Thursday,false,holiday,추석
2020-10-02,Friday,false,holiday,추석
2020-10-03,Saturday,false,weekend,주말
2020-10-04,Sunday,false,weekend,주말
2020-10-09,Friday,false,holiday,한글날
2020-10-10,Saturday,false,weekend,주말
2020-10-11,Sunday,false,weekend,주말
2020-10-17,Saturday,false,weekend,주말
2020-10-18,Sunday,false,weekend,주말
2020-10-24,Saturday,false,weekend,주말
2020-10-25,Sunday,false,weekend,주말
2020-10-31,Saturday,false,weekend,주말
2020-11-01,Sunday,false,weekend,주말
2020-11-07,Saturday,false,weekend,주말
2020-11-08,Sunday,false,weekend,주말
2020-11-14,Saturday,false,weekend,주말
2020-11-15,Sunday,false,weekend,주말
2020-11-21,Saturday,false,weekend,주말
2020-11-22,Sunday,false,weekend,주말
2020-11-28,Saturday,false,weekend,주말
2020-11-29,Sunday,false,weekend,주말
2020-12-05,Saturday,false,weekend,주말
2020-12-06,Sunday,false,weekend,주말
2020-12-12,Saturday,false,weekend,주말
2020-12-13,Sunday,false,weekend,주말
2020-12-19,Saturday,false,weekend,주말
2020-12-20,Sunday,false,weekend,주말
2020-12-25,Friday,false,holiday,크리스마스
2020-12-26,Saturday,false,weekend,주말
2020-12-27,Sunday,false,weekend,주말
2020-12-31,Thursday,false,holiday,연말 증시 휴장일
2021-01-01,Friday,false,holiday,새해
2021-01-02,Saturday,false,weekend,주말
2021-01-03,Sunday,false,weekend,주말
2021-01-09,Saturday,false,weekend,주말
2021-01-10,Sunday,false,weekend,주말
2021-01-16,Saturday,false,weekend,주말
2021-01-17,Sunday,false,weekend,주말
2021-01-23,Saturday,false,weekend,주말
2021-01-24,Sunday,false,weekend,주말
2021-01-30,Saturday,false,weekend,주말
2021-01-31,Sunday,false,weekend,주말
2021-02-06,Saturday,false,weekend,주말
2021-02-07,Sunday,false,weekend,주말
2021-02-11,Thursday,false,holiday,설날
2021-02-12,Friday,false,holiday,설날
2021-02-13,Saturday,false,weekend,주말
2021-02-14,Sunday,false,weekend,주말
2021-02-20,Saturday,false,weekend,주말
2021-02-21,Sunday,false,weekend,주말
2021-02-27,Saturday,false,weekend,주말
2021-02-28,Sunday,false,weekend,주말
2021-03-01,Monday,false,holiday,3·1절
2021-03-06,Saturday,false,weekend,주말
2021-03-07,Sunday,false,weekend,주말
2021-03-13,Saturday,false,weekend,주말
2021-03-14,Sunday,false,weekend,주말
2021-03-20,Saturday,false,weekend,주말
2021-03-21,Sunday,false,weekend,주말
2021-03-27,Saturday,false,weekend,주말
2021-03-28,Sunday,false,weekend,주말
2021-04-03,Saturday,false,weekend,주말
2021-04-04,Sunday,false,weekend,주말
2021-04-10,Saturday,false,weekend,주말
2021-04-11,Sunday,false,weekend,주말
2021-04-17,Saturday,false,weekend,주말
2021-04-18,Sunday,false,weekend,주말
2021-04-24,Saturday,false,weekend,주말
2021-04-25,Sunday,false,weekend,주말
2021-05-01,Saturday,false,weekend,주말
2021-05-02,Sunday,false,weekend,주말
2021-05-05,Wednesday,false,holiday,어린이날
2021-05-08,Saturday,false,weekend,주말
2021-05-09,Sunday,false,weekend,주말
2021-05-15,Saturday,false,weekend,주말
2021-05-16,Sunday,false,weekend,주말
2021-05-19,Wednesday,false,holiday,부처님 오신 날
2021-05-22,Saturday,false,weekend,주말
2021-05-23,Sunday,false,weekend,주말
2021-05-29,Saturday,false,weekend,주말
2021-05-30,Sunday,false,weekend,주말
2021-06-05,Saturday,false,weekend,주말
2021-06-06,Sunday,false,weekend,주말
2021-06-12,Saturday,false,weekend,주말
2021-06-13,Sunday,false,weekend,주말
2021-06-19,Saturday,false,weekend,주말
2021-06-20,Sunday,false,weekend,주말
2021-06-26,Saturday,false,weekend,주말
2021-06-27,Sunday,false,weekend,주말
2021-07-03,Saturday,false,weekend,주말
2021-07-04,Sunday,false,weekend,주말
2021-07-10,Saturday,false,weekend,주말
2021-07-11,Sunday,false,weekend,주말
2021-07-17,Saturday,false,weekend,주말
2021-07-18,Sunday,false,weekend,주말
2021-07-24,Saturday,false,weekend,주말
2021-07-25,Sunday,false,weekend,주말
2021-07-31,Saturday,false,weekend,주말
2021-08-01,Sunday,false,weekend,주말
2021-08-07,Saturday,false,weekend,주말
2021-08-08,Sunday,false,weekend,주말
2021-08-14,Saturday,false,weekend,주말
2021-08-15,Sunday,false,weekend,주말
2021-08-16,Monday,false,holiday,대체공휴일
2021-08-21,Saturday,false,weekend,주말
2021-08-22,Sunday,false,weekend,주말
2021-08-28,Saturday,false,weekend,주말
2021-08-29,Sunday,false,weekend,주말
2021-09-04,Saturday,false,weekend,주말
2021-09-05,Sunday,false,weekend,주말
2021-09-11,Saturday,false,weekend,주말
2021-09-12,Sunday,false,weekend,주말
2021-09-18,Saturday,false,weekend,주말
2021-09-19,Sunday,false,weekend,주말
2021-09-20,Monday,false,holiday,추석
2021-09-21,Tuesday,false,holiday,추석
2021-09-22,Wednesday,false,holiday,추석
2021-09-25,Saturday,false,weekend,주말
2021-09-26,Sunday,false,weekend,주말
2021-10-02,Saturday,false,weekend,주말
2021-10-03,Sunday,false,weekend,주말
2021-10-04,Monday,false,holiday,대체공휴일
2021-10-09,Saturday,false,weekend,주말
2021-10-10,Sunday,false,weekend,주말
2021-10-11,Monday,false,holiday,대체공휴일
2021-10-16,Saturday,false,weekend,주말
2021-10-17,Sunday,false,weekend,주말
2021-10-23,Saturday,false,weekend,주말
2021-10-24,Sunday,false,weekend,주말
2021-10-30,Saturday,false,weekend,주말
2021-10-31,Sunday,false,weekend,주말
2021-11-06,Saturday,false,weekend,주말
2021-11-07,Sunday,false,weekend,주말
2021-11-13,Saturday,false,weekend,주말
2021-11-14,Sunday,false,weekend,주말
2021-11-20,Saturday,false,weekend,주말
2021-11-21,Sunday,false,weekend,주말
2021-11-27,Saturday,false,weekend,주말
2021-11-28,Sunday,false,weekend,주말
2021-12-04,Saturday,false,weekend,주말
2021-12-05,Sunday,false,weekend,주말
2021-12-11,Saturday,false,weekend,주말
2021-12-12,Sunday,false,weekend,주말
2021-12-18,Saturday,false,weekend,주말
2021-12-19,Sunday,false,weekend,주말
2021-12-25,Saturday,false,weekend,주말
2021-12-26,Sunday,false,weekend,주말
2021-12-31,Friday,false,holiday,연말 증시 휴장일
2022-01-01,Saturday,false,weekend,주말
2022-01-02,Sunday,false,weekend,주말
2022-01-08,Saturday,false,weekend,주말
2022-01-09,Sunday,false,weekend,주말
2022-01-15,Saturday,false,weekend,주말
2022-01-16,Sunday,false,weekend,주말
2022-01-22,Saturday,false,weekend,주말
2022-01-23,Sunday,false,weekend,주말
2022-01-29,Saturday,false,weekend,주말
2022-01-30,Sunday,false,weekend,주말
2022-01-31,Monday,false,holiday,설날
2022-02-01,Tuesday,false,holiday,설날
2022-02-02,Wednesday,false,holiday,설날
2022-02-05,Saturday,false,weekend,주말
2022-02-06,Sunday,false,weekend,주말
2022-02-12,Saturday,false,weekend,주말
2022-02-13,Sunday,false,weekend,주말
2022-02-19,Saturday,false,weekend,주말
2022-02-20,Sunday,false,weekend,주말
2022-02-26,Saturday,false,weekend,주말
2022-02-27,Sunday,false,weekend,주말
2022-03-01,Tuesday,false,holiday,3·1절
2022-03-05,Saturday,false,weekend,주말
2022-03-06,Sunday,false,weekend,주말
2022-03-09,Wednesday,false,holiday,제20대 대통령 선거일
2022-03-12,Saturday,false,weekend,주말
2022-03-13,Sunday,false,weekend,주말
2022-03-19,Saturday,false,weekend,주말
2022-03-20,Sunday,false,weekend,주말
2022-03-26,Saturday,false,weekend,주말
2022-03-27,Sunday,false,weekend,주말
2022-04-02,Saturday,false,weekend,주말
2022-04-03,Sunday,false,weekend,주말
2022-04-09,Saturday,false,weekend,주말
2022-04-10,Sunday,false,weekend,주말
2022-04-16,Saturday,false,weekend,주말
2022-04-17,Sunday,false,weekend,주말
2022-04-23,Saturday,false,weekend,주말
2022-04-24,Sunday,false,weekend,주말
2022-04-30,Saturday,false,weekend,주말
2022-05-01,Sunday,false,weekend,주말
2022-05-05,Thursday,false,holiday,어린이날
2022-05-07,Saturday,false,weekend,주말
2022-05-08,Sunday,false,weekend,주말
2022-05-14,Saturday,false,weekend,주말
2022-05-15,Sunday,false,weekend,주말
2022-05-21,Saturday,false,weekend,주말
2022-05-22,Sunday,false,weekend,주말
2022-05-28,Saturday,false,weekend,주말
2022-05-29,Sunday,false,weekend,주말
2022-06-01,Wednesday,false,holiday,제8회 지방선거일
2022-06-04,Saturday,false,weekend,주말
2022-06-05,Sunday,false,weekend,주말
2022-06-06,Monday,false,holiday,현충일
2022-06-11,Saturday,false,weekend,주말
2022-06-12,Sunday,false,weekend,주말
2022-06-18,Saturday,false,weekend,주말
2022-06-19,Sunday,false,weekend,주말
2022-06-25,Saturday,false,weekend,주말
2022-06-26,Sunday,false,weekend,주말
2022-07-02,Saturday,false,weekend,주말
2022-07-03,Sunday,false,weekend,주말
2022-07-09,Saturday,false,weekend,주말
2022-07-10,Sunday,false,weekend,주말
2022-07-16,Saturday,false,weekend,주말
2022-07-17,Sunday,false,weekend,주말
2022-07-23,Saturday,false,weekend,주말
2022-07-24,Sunday,false,weekend,주말
2022-07-30,Saturday,false,weekend,주말
2022-07-31,Sunday,false,weekend,주말
2022-08-06,Saturday,false,weekend,주말
2022-08-07,Sunday,false,weekend,주말
2022-08-13,Saturday,false,weekend,주말
2022-08-14,Sunday,false,weekend,주말
2022-08-15,Monday,false,holiday,광복절
2022-08-20,Saturday,false,weekend,주말
2022-08-21,Sunday,false,weekend,주말
2022-08-27,Saturday,false,weekend,주말
2022-08-28,Sunday,false,weekend,주말
2022-09-03,Saturday,false,weekend,주말
2022-09-04,Sunday,false,weekend,주말
2022-09-09,Friday,false,holiday,추석
2022-09-10,Saturday,false,weekend,주말
2022-09-11,Sunday,false,weekend,주말
2022-09-12,Monday,false,holiday,추석
2022-09-17,Saturday,false,weekend,주말
2022-09-18,Sunday,false,weekend,주말
2022-09-24,Saturday,false,weekend,주말
2022-09-25,Sunday,false,weekend,주말
2022-10-01,Saturday,false,weekend,주말
2022-10-02,Sunday,false,weekend,주말
2022-10-03,Monday,false,holiday,개천절
2022-10-08,Saturday,false,weekend,주말
2022-10-09,Sunday,false,weekend,주말
2022-10-10,Monday,false,holiday,한글날
2022-10-15,Saturday,false,weekend,주말
2022-10-16,Sunday,false,weekend,주말
2022-10-22,Saturday,false,weekend,주말
2022-10-23,Sunday,false,weekend,주말
2022-10-29,Saturday,false,weekend,주말
2022-10-30,Sunday,false,weekend,주말
2022-11-05,Saturday,false,weekend,주말
2022-11-06,Sunday,false,weekend,주말
2022-11-12,Saturday,false,weekend,주말
2022-11-13,Sunday,false,weekend,주말
2022-11-19,Saturday,false,weekend,주말
2022-11-20,Sunday,false,weekend,주말
2022-11-26,Saturday,false,weekend,주말
2022-11-27,Sunday,false,weekend,주말
2022-12-03,Saturday,false,weekend,주말
2022-12-04,Sunday,false,weekend,주말
2022-12-10,Saturday,false,weekend,주말
2022-12-11,Sunday,false,weekend,주말
2022-12-17,Saturday,false,weekend,주말
2022-12-18,Sunday,false,weekend,주말
2022-12-24,Saturday,false,weekend,주말
2022-12-25,Sunday,false,weekend,주말
2022-12-30,Friday,false,holiday,연말 증시 휴장일
2022-12-31,Saturday,false,weekend,주말
2023-01-01,Sunday,false,weekend,주말
2023-01-07,Saturday,false,weekend,주말
2023-01-08,Sunday,false,weekend,주말
2023-01-14,Saturday,false,weekend,주말
2023-01-15,Sunday,false,weekend,주말
2023-01-21,Saturday,false,weekend,주말
2023-01-22,Sunday,false,weekend,주말
2023-01-23,Monday,false,holiday,설날
2023-01-24,Tuesday,false,holiday,설날
2023-01-28,Saturday,false,weekend,주말
2023-01-29,Sunday,false,weekend,주말
2023-02-04,Saturday,false,weekend,주말
2023-02-05,Sunday,false,weekend,주말
2023-02-11,Saturday,false,weekend,주말
2023-02-12,Sunday,false,weekend,주말
2023-02-18,Saturday,false,weekend,주말
2023-02-19,Sunday,false,weekend,주말
2023-02-25,Saturday,false,weekend,주말
2023-02-26,Sunday,false,weekend,주말
2023-03-01,Wednesday,false,holiday,3·1절
2023-03-04,Saturday,false,weekend,주말
2023-03-05,Sunday,false,weekend,주말
2023-03-11,Saturday,false,weekend,주말
2023-03-12,Sunday,false,weekend,주말
2023-03-18,Saturday,false,weekend,주말
2023-03-19,Sunday,false,weekend,주말
2023-03-25,Saturday,false,weekend,주말
2023-03-26,Sunday,false,weekend,주말
2023-04-01,Saturday,false,weekend,주말
2023-04-02,Sunday,false,weekend,주말
2023-04-08,Saturday,false,weekend,주말
2023-04-09,Sunday,false,weekend,주말
2023-04-15,Saturday,false,weekend,주말
2023-04-16,Sunday,false,weekend,주말
2023-04-22,Saturday,false,weekend,주말
2023-04-23,Sunday,false,weekend,주말
2023-04-29,Saturday,false,weekend,주말
2023-04-30,Sunday,false,weekend,주말
2023-05-01,Monday,false,holiday,근로자의날
2023-05-05,Friday,false,holiday,어린이날
2023-05-06,Saturday,false,weekend,주말
2023-05-07,Sunday,false,weekend,주말
2023-05-13,Saturday,false,weekend,주말
2023-05-14,Sunday,false,weekend,주말
2023-05-20,Saturday,false,weekend,주말
2023-05-21,Sunday,false,weekend,주말
2023-05-27,Saturday,false,weekend,주말
2023-05-28,Sunday,false,weekend,주말
2023-05-29,Monday,false,holiday,부처님 오신 날
2023-06-03,Saturday,false,weekend,주말
2023-06-04,Sunday,false,weekend,주말
2023-06-06,Tuesday,false,holiday,현충일
2023-06-10,Saturday,false,weekend,주말
2023-06-11,Sunday,false,weekend,주말
2023-06-17,Saturday,false,weekend,주말
2023-06-18,Sunday,false,weekend,주말
2023-06-24,Saturday,false,weekend,주말
2023-06-25,Sunday,false,weekend,주말
2023-07-01,Saturday,false,weekend,주말
2023-07-02,Sunday,false,weekend,주말
2023-07-08,Saturday,false,weekend,주말
2023-07-09,Sunday,false,weekend,주말
2023-07-15,Saturday,false,weekend,주말
2023-07-16,Sunday,false,weekend,주말
2023-07-22,Saturday,false,weekend,주말
2023-07-23,Sunday,false,weekend,주말
2023-07-29,Saturday,false,weekend,주말
2023-07-30,Sunday,false,weekend,주말
2023-08-05,Saturday,false,weekend,주말
2023-08-06,Sunday,false,weekend,주말
2023-08-12,Saturday,false,weekend,주말
2023-08-13,Sunday,false,weekend,주말
2023-08-15,Tuesday,false,holiday,광복절
2023-08-19,Saturday,false,weekend,주말
2023-08-20,Sunday,false,weekend,주말
2023-08-26,Saturday,false,weekend,주말
2023-08-27,Sunday,false,weekend,주말
2023-09-02,Saturday,false,weekend,주말
2023-09-03,Sunday,false,weekend,주말
2023-09-09,Saturday,false,weekend,주말
2023-09-10,Sunday,false,weekend,주말
2023-09-16,Saturday,false,weekend,주말
2023-09-17,Sunday,false,weekend,주말
2023-09-23,Saturday,false,weekend,주말
2023-09-24,Sunday,false,weekend,주말
2023-09-28,Thursday,false,holiday,추석
2023-09-29,Friday,false,holiday,추석
2023-09-30,Saturday,false,weekend,주말
2023-10-01,Sunday,false,weekend,주말
2023-10-02,Monday,false,holiday,임시공휴일
2023-10-03,Tuesday,false,holiday,개천절
2023-10-07,Saturday,false,weekend,주말
2023-10-08,Sunday,false,weekend,주말
2023-10-09,Monday,false,holiday,한글날
2023-10-14,Saturday,false,weekend,주말
2023-10-15,Sunday,false,weekend,주말
2023-10-21,Saturday,false,weekend,주말
2023-10-22,Sunday,false,weekend,주말
2023-10-28,Saturday,false,weekend,주말
2023-10-29,Sunday,false,weekend,주말
2023-11-04,Saturday,false,weekend,주말
2023-11-05,Sunday,false,weekend,주말
2023-11-11,Saturday,false,weekend,주말
2023-11-12,Sunday,false,weekend,주말
2023-11-18,Saturday,false,weekend,주말
2023-11-19,Sunday,false,weekend,주말
2023-11-25,Saturday,false,weekend,주말
2023-11-26,Sunday,false,weekend,주말
2023-12-02,Saturday,false,weekend,주말
2023-12-03,Sunday,false,weekend,주말
2023-12-09,Saturday,false,weekend,주말
2023-12-10,Sunday,false,weekend,주말
2023-12-16,Saturday,false,weekend,주말
2023-12-17,Sunday,false,weekend,주말
2023-12-23,Saturday,false,weekend,주말
2023-12-24,Sunday,false,weekend,주말
2023-12-25,Monday,false,holiday,크리스마스
2023-12-29,Friday,false,holiday,연말 증시 휴장일
2023-12-30,Saturday,false,weekend,주말
2023-12-31,Sunday,false,weekend,주말
2024-01-01,Monday,false,holiday,새해
2024-01-06,Saturday,false,weekend,주말
2024-01-07,Sunday,false,weekend,주말
2024-01-13,Saturday,false,weekend,주말
2024-01-14,Sunday,false,weekend,주말
2024-01-20,Saturday,false,weekend,주말
2024-01-21,Sunday,false,weekend,주말
2024-01-27,Saturday,false,weekend,주말
2024-01-28,Sunday,false,weekend,주말
2024-02-03,Saturday,false,weekend,주말
2024-02-04,Sunday,false,weekend,주말
2024-02-09,Friday,false,holiday,설날
2024-02-10,Saturday,false,weekend,주말
2024-02-11,Sunday,false,weekend,주말
2024-02-12,Monday,false,holiday,설날
2024-02-17,Saturday,false,weekend,주말
2024-02-18,Sunday,false,weekend,주말
2024-02-24,Saturday,false,weekend,주말
2024-02-25,Sunday,false,weekend,주말
2024-03-01,Friday,false,holiday,3·1절
2024-03-02,Saturday,false,weekend,주말
2024-03-03,Sunday,false,weekend,주말
2024-03-09,Saturday,false,weekend,주말
2024-03-10,Sunday,false,weekend,주말
2024-03-16,Saturday,false,weekend,주말
2024-03-17,Sunday,false,weekend,주말
2024-03-23,Saturday,false,weekend,주말
2024-03-24,Sunday,false,weekend,주말
2024-03-30,Saturday,false,weekend,주말
2024-03-31,Sunday,false,weekend,주말
2024-04-06,Saturday,false,weekend,주말
2024-04-07,Sunday,false,weekend,주말
2024-04-10,Wednesday,false,holiday,제22대 국회의원 선거일
2024-04-13,Saturday,false,weekend,주말
2024-04-14,Sunday,false,weekend,주말
2024-04-20,Saturday,false,weekend,주말
2024-04-21,Sunday,false,weekend,주말
2024-04-27,Saturday,false,weekend,주말
2024-04-28,Sunday,false,weekend,주말
2024-05-01,Wednesday,false,holiday,근로자의날
2024-05-04,Saturday,false,weekend,주말
2024-05-05,Sunday,false,weekend,주말
2024-05-06,Monday,false,holiday,어린이날
2024-05-11,Saturday,false,weekend,주말
2024-05-12,Sunday,false,weekend,주말
2024-05-15,Wednesday,false,holiday,부처님 오신 날
2024-05-18,Saturday,false,weekend,주말
2024-05-19,Sunday,false,weekend,주말
2024-05-25,Saturday,false,weekend,주말
2024-05-26,Sunday,false,weekend,주말
2024-06-01,Saturday,false,weekend,주말
2024-06-02,Sunday,false,weekend,주말
2024-06-06,Thursday,false,holiday,현충일
2024-06-08,Saturday,false,weekend,주말
2024-06-09,Sunday,false,weekend,주말
2024-06-15,Saturday,false,weekend,주말
2024-06-16,Sunday,false,weekend,주말
2024-06-22,Saturday,false,weekend,주말
2024-06-23,Sunday,false,weekend,주말
2024-06-29,Saturday,false,weekend,주말
2024-06-30,Sunday,false,weekend,주말
2024-07-06,Saturday,false,weekend,주말
2024-07-07,Sunday,false,weekend,주말
2024-07-13,Saturday,false,weekend,주말
2024-07-14,Sunday,false,weekend,주말
2024-07-20,Saturday,false,weekend,주말
2024-07-21,Sunday,false,weekend,주말
2024-07-27,Saturday,false,weekend,주말
2024-07-28,Sunday,false,weekend,주말
2024-08-03,Saturday,false,weekend,주말
2024-08-04,Sunday,false,weekend,주말
2024-08-10,Saturday,false,weekend,주말
2024-08-11,Sunday,false,weekend,주말
2024-08-15,Thursday,false,holiday,광복절
2024-08-17,Saturday,false,weekend,주말
2024-08-18,Sunday,false,weekend,주말
2024-08-24,Saturday,false,weekend,주말
2024-08-25,Sunday,false,weekend,주말
2024-08-31,Saturday,false,weekend,주말
2024-09-01,Sunday,false,weekend,주말
2024-09-07,Saturday,false,weekend,주말
2024-09-08,Sunday,false,weekend,주말
2024-09-14,Saturday,false,weekend,주말
2024-09-15,Sunday,false,weekend,주말
2024-09-16,Monday,false,holiday,추석
2024-09-17,Tuesday,false,holiday,추석
2024-09-18,Wednesday,false,holiday,추석
2024-09-21,Saturday,false,weekend,주말
2024-09-22,Sunday,false,weekend,주말
2024-09-28,Saturday,false,weekend,주말
2024-09-29,Sunday,false,weekend,주말
2024-10-01,Tuesday,false,holiday,임시공휴일
2024-10-03,Thursday,false,holiday,개천절
2024-10-05,Saturday,false,weekend,주말
2024-10-06,Sunday,false,weekend,주말
2024-10-09,Wednesday,false,holiday,한글날
2024-10-12,Saturday,false,weekend,주말
2024-10-13,Sunday,false,weekend,주말
2024-10-19,Saturday,false,weekend,주말
2024-10-20,Sunday,false,weekend,주말
2024-10-26,Saturday,false,weekend,주말
2024-10-27,Sunday,false,weekend,주말
2024-11-02,Saturday,false,weekend,주말
2024-11-03,Sunday,false,weekend,주말
2024-11-09,Saturday,false,weekend,주말
2024-11-10,Sunday,false,weekend,주말
2024-11-16,Saturday,false,weekend,주말
2024-11-17,Sunday,false,weekend,주말
2024-11-23,Saturday,false,weekend,주말
2024-11-24,Sunday,false,weekend,주말
2024-11-30,Saturday,false,weekend,주말
2024-12-01,Sunday,false,weekend,주말
2024-12-07,Saturday,false,weekend,주말
2024-12-08,Sunday,false,weekend,주말
2024-12-14,Saturday,false,weekend,주말
2024-12-15,Sunday,false,weekend,주말
2024-12-21,Saturday,false,weekend,주말
2024-12-22,Sunday,false,weekend,주말
2024-12-25,Wednesday,false,holiday,크리스마스
2024-12-28,Saturday,false,weekend,주말
2024-12-29,Sunday,false,weekend,주말
2024-12-31,Tuesday,false,holiday,연말 증시 휴장일
2025-01-01,Wednesday,false,holiday,새해
2025-01-04,Saturday,false,weekend,주말
2025-01-05,Sunday,false,weekend,주말
2025-01-11,Saturday,false,weekend,주말
2025-01-12,Sunday,false,weekend,주말
2025-01-18,Saturday,false,weekend,주말
2025-01-19,Sunday,false,weekend,주말
2025-01-25,Saturday,false,weekend,주말
2025-01-26,Sunday,false,weekend,주말
2025-01-27,Monday,false,holiday,임시공휴일
2025-01-28,Tuesday,false,holiday,설날
2025-01-29,Wednesday,false,holiday,설날
2025-01-30,Thursday,false,holiday,설날
2025-02-01,Saturday,false,weekend,주말
2025-02-02,Sunday,false,weekend,주말
2025-02-08,Saturday,false,weekend,주말
2025-02-09,Sunday,false,weekend,주말
2025-02-15,Saturday,false,weekend,주말
2025-02-16,Sunday,false,weekend,주말
2025-02-22,Saturday,false,weekend,주말
2025-02-23,Sunday,false,weekend,주말
2025-03-01,Saturday,false,weekend,주말
2025-03-02,Sunday,false,weekend,주말
2025-03-03,Monday,false,holiday,3·1절
2025-03-08,Saturday,false,weekend,주말
2025-03-09,Sunday,false,weekend,주말
2025-03-15,Saturday,false,weekend,주말
2025-03-16,Sunday,false,weekend,주말
2025-03-22,Saturday,false,weekend,주말
2025-03-23,Sunday,false,weekend,주말
2025-03-29,Saturday,false,weekend,주말
2025-03-30,Sunday,false,weekend,주말
2025-04-05,Saturday,false,weekend,주말
2025-04-06,Sunday,false,weekend,주말
2025-04-12,Saturday,false,weekend,주말
2025-04-13,Sunday,false,weekend,주말
2025-04-19,Saturday,false,weekend,주말
2025-04-20,Sunday,false,weekend,주말
2025-04-26,Saturday,false,weekend,주말
2025-04-27,Sunday,false,weekend,주말
2025-05-01,Thursday,false,holiday,근로자의날
2025-05-03,Saturday,false,weekend,주말
2025-05-04,Sunday,false,weekend,주말
2025-05-05,Monday,false,holiday,부처님 오신 날
2025-05-06,Tuesday,false,holiday,대체공휴일
2025-05-10,Saturday,false,weekend,주말
2025-05-11,Sunday,false,weekend,주말
2025-05-17,Saturday,false,weekend,주말
2025-05-18,Sunday,false,weekend,주말
2025-05-24,Saturday,false,weekend,주말
2025-05-25,Sunday,false,weekend,주말
2025-05-31,Saturday,false,weekend,주말
2025-06-01,Sunday,false,weekend,주말
2025-06-03,Tuesday,false,holiday,제21대 대통령 선거일
2025-06-06,Friday,false,holiday,현충일
2025-06-07,Saturday,false,weekend,주말
2025-06-08,Sunday,false,weekend,주말
2025-06-14,Saturday,false,weekend,주말
2025-06-15,Sunday,false,weekend,주말
2025-06-21,Saturday,false,weekend,주말
2025-06-22,Sunday,false,weekend,주말
2025-06-28,Saturday,false,weekend,주말
2025-06-29,Sunday,false,weekend,주말
2025-07-05,Saturday,false,weekend,주말
2025-07-06,Sunday,false,weekend,주말
2025-07-12,Saturday,false,weekend,주말
2025-07-13,Sunday,false,weekend,주말
2025-07-19,Saturday,false,weekend,주말
2025-07-20,Sunday,false,weekend,주말
2025-07-26,Saturday,false,weekend,주말
2025-07-27,Sunday,false,weekend,주말
2025-08-02,Saturday,false,weekend,주말
2025-08-03,Sunday,false,weekend,주말
2025-08-09,Saturday,false,weekend,주말
2025-08-10,Sunday,false,weekend,주말
2025-08-15,Friday,false,holiday,광복절
2025-08-16,Saturday,false,weekend,주말
2025-08-17,Sunday,false,weekend,주말
2025-08-23,Saturday,false,weekend,주말
2025-08-24,Sunday,false,weekend,주말
2025-08-30,Saturday,false,weekend,주말
2025-08-31,Sunday,false,weekend,주말
2025-09-06,Saturday,false,weekend,주말
2025-09-07,Sunday,false,weekend,주말
2025-09-13,Saturday,false,weekend,주말
2025-09-14,Sunday,false,weekend,주말
2025-09-20,Saturday,false,weekend,주말
2025-09-21,Sunday,false,weekend,주말
2025-09-27,Saturday,false,weekend,주말
2025-09-28,Sunday,false,weekend,주말
2025-10-03,Friday,false,holiday,개천절
2025-10-04,Saturday,false,weekend,주말
2025-10-05,Sunday,false,weekend,주말
2025-10-06,Monday,false,holiday,추석
2025-10-07,Tuesday,false,holiday,추석
2025-10-08,Wednesday,false,holiday,대체공휴일
2025-10-09,Thursday,false,holiday,한글날
2025-10-11,Saturday,false,weekend,주말
2025-10-12,Sunday,false,weekend,주말
2025-10-18,Saturday,false,weekend,주말
2025-10-19,Sunday,false,weekend,주말
2025-10-25,Saturday,false,weekend,주말
2025-10-26,Sunday,false,weekend,주말
2025-11-01,Saturday,false,weekend,주말
2025-11-02,Sunday,false,weekend,주말
2025-11-08,Saturday,false,weekend,주말
2025-11-09,Sunday,false,weekend,주말
2025-11-15,Saturday,false,weekend,주말
2025-11-16,Sunday,false,weekend,주말
2025-11-22,Saturday,false,weekend,주말
2025-11-23,Sunday,false,weekend,주말
2025-11-29,Saturday,false,weekend,주말
2025-11-30,Sunday,false,weekend,주말
2025-12-06,Saturday,false,weekend,주말
2025-12-07,Sunday,false,weekend,주말
2025-12-13,Saturday,false,weekend,주말
2025-12-14,Sunday,false,weekend,주말
2025-12-20,Saturday,false,weekend,주말
2025-12-21,Sunday,false,weekend,주말
2025-12-25,Thursday,false,holiday,크리스마스
2025-12-27,Saturday,false,weekend,주말
2025-12-28,Sunday,false,weekend,주말
2025-12-31,Wednesday,false,holiday,연말 증시 휴장일
2026-01-01,Thursday,false,holiday,새해
2026-01-03,Saturday,false,weekend,주말
2026-01-04,Sunday,false,weekend,주말
2026-01-10,Saturday,false,weekend,주말
2026-01-11,Sunday,false,weekend,주말
2026-01-17,Saturday,false,weekend,주말
2026-01-18,Sunday,false,weekend,주말
2026-01-24,Saturday,false,weekend,주말
2026-01-25,Sunday,false,weekend,주말
2026-01-31,Saturday,false,weekend,주말
2026-02-01,Sunday,false,weekend,주말
2026-02-07,Saturday,false,weekend,주말
2026-02-08,Sunday,false,weekend,주말
2026-02-14,Saturday,false,weekend,주말
2026-02-15,Sunday,false,weekend,주말
2026-02-16,Monday,false,holiday,설날
2026-02-17,Tuesday,false,holiday,설날
2026-02-18,Wednesday,false,holiday,설날
2026-02-21,Saturday,false,weekend,주말
2026-02-22,Sunday,false,weekend,주말
2026-02-28,Saturday,false,weekend,주말
2026-03-01,Sunday,false,weekend,주말
2026-03-02,Monday,false,holiday,대체공휴일
2026-03-07,Saturday,false,weekend,주말
2026-03-08,Sunday,false,weekend,주말
2026-03-14,Saturday,false,weekend,주말
2026-03-15,Sunday,false,weekend,주말
2026-03-21,Saturday,false,weekend,주말
2026-03-22,Sunday,false,weekend,주말
2026-03-28,Saturday,false,weekend,주말
2026-03-29,Sunday,false,weekend,주말
2026-04-04,Saturday,false,weekend,주말
2026-04-05,Sunday,false,weekend,주말
2026-04-11,Saturday,false,weekend,주말
2026-04-12,Sunday,false,weekend,주말
2026-04-18,Saturday,false,weekend,주말
2026-04-19,Sunday,false,weekend,주말
2026-04-25,Saturday,false,weekend,주말
2026-04-26,Sunday,false,weekend,주말
2026-05-01,Friday,false,holiday,노동절
2026-05-02,Saturday,false,weekend,주말
2026-05-03,Sunday,false,weekend,주말
2026-05-05,Tuesday,false,holiday,어린이날
2026-05-09,Saturday,false,weekend,주말
2026-05-10,Sunday,false,weekend,주말
2026-05-16,Saturday,false,weekend,주말
2026-05-17,Sunday,false,weekend,주말
2026-05-23,Saturday,false,weekend,주말
2026-05-24,Sunday,false,weekend,주말
2026-05-25,Monday,false,holiday,대체공휴일
2026-05-30,Saturday,false,weekend,주말
2026-05-31,Sunday,false,weekend,주말
2026-06-03,Wednesday,false,holiday,지방 선거일
2026-06-06,Saturday,false,weekend,주말
2026-06-07,Sunday,false,weekend,주말
2026-06-13,Saturday,false,weekend,주말
2026-06-14,Sunday,false,weekend,주말
2026-06-20,Saturday,false,weekend,주말
2026-06-21,Sunday,false,weekend,주말
2026-06-27,Saturday,false,weekend,주말
2026-06-28,Sunday,false,weekend,주말
